latitude,longitude,station_name
-8.27920,-35.0633,PIRAPAMA 
-8.63750,-35.3056,ENGENHO MATO GROSSO 
-8.67940,-35.5772,PALMARES 
-8.48330,-36.2333,CACHOEIRINHA 
-8.88330,-36.4833,GARANHUNS (RFN) 
-8.50000,-36.9667,PEDRA 
-8.81670,-36.0500,QUIPAPA (RFN) 
-8.31670,-36.1500,SAO CAETANO 
-8.31670,-36.3000,TACAIMBO 
-8.43330,-37.0667,ARCOVERDE 
-8.95000,-37.4333,ITAIBA 
-8.00060,-38.2447,SERRA TALHADA 
-8.11670,-42.9500,CANTO DO BURITI 
-8.96860,-48.1761,PEDRO AFONSO 
-9.11670,-36.3333,CORRENTES 
-11.0233,-68.7350,BRASILEIA 
-12.9333,-38.5000,AREIAL DE CIMA 
-18.5622,-39.7472,CONCEICAO DA BARRA 
-19.8500,-40.6000,SANTA TERESA 
-19.9714,-44.2017,BETIM 
-21.7500,-43.3333,JUIZ DE FORA 
-22.0353,-42.9908,ANTA 
-23.3667,-45.6833,ALFERES 
-27.4114,-49.8314,AGROLANDIA 
-3.46670,-42.3667,LUZILANDIA (PORTO ALEGRE) 
-8.16670,-35.1833,TAPACURA 
-23.4333,-47.0667,ARACARIGUAMA 
-19.4686,-45.6017,DORES DO INDAIA (CVSF) 
-19.2167,-45.0000,POMPEU 
-19.6000,-46.9000,BARREIRO DO ARAXA (INMET) 
-19.5833,-46.9000,ARAXA (INMET) 
-19.5667,-46.9333,ARAXA 
-19.7667,-47.9333,UBERABA 
-19.9303,-47.5428,CONQUISTA 
-19.0000,-47.0000,SACRAMENTO 
-19.0000,-47.0000,CORONEL QUITO 
-19.0058,-57.6019,CORUMBA (ETA) 
-19.9525,-54.8928,ROCHEDO 
-19.4128,-54.4906,SAO GABRIEL DO OESTE 
-19.0000,-57.6500,CORUMBA 
-19.0000,-57.6667,CORUMBA 
-20.4150,-40.4853,FAZENDA JUCURUABA 
-20.6333,-40.7500,ALFREDO CHAVES (DNOS) 
-20.1903,-40.3189,FAZENDA FONTE LIMPA (DNOS) 
-20.6522,-40.5086,GUARAPARI (DNOS) 
-20.9528,-40.9533,USINA PAINEIRAS 
-20.0283,-40.7433,SANTA MARIA DO JETIBA 
-20.8036,-40.6556,ANCHIETA (DNOS) 
-20.1003,-40.5278,SANTA LEOPOLDINA 
-20.5567,-40.8114,MATILDE (DNOS) 
-20.4119,-40.6822,MARECHAL FLORIANO (DNOS) 
-20.8811,-40.9433,RIO NOVO DO SUL 
-20.3333,-40.2833,SAO TORQUATO (DNOS) 
-20.3000,-40.3333,VITORIA - BENTO FERREIRA 
-20.5156,-40.3636,PONTA DA FRUTA 
-20.9128,-41.1950,ATILIO VIVACQUA 
-20.7736,-41.6817,GUACUI 
-20.7469,-41.4661,RIVE 
-20.6939,-41.9219,CAIANA 
-20.1081,-41.7283,DORES DO MANHUMIRIM 
-20.7019,-41.0164,JACIGUA (DNOS) 
-20.3458,-41.5375,IUNA 
-20.1433,-40.9753,GARRAFAO (DNOS) 
-20.8500,-41.1000,CACHOEIRO DO ITAPEMIRIM (DNOS) 
-20.3333,-40.7167,SOIDO 
-20.3764,-40.4461,CANAA 
-20.3500,-41.9500,PARADA DA INDEPENDENCIA 
-20.4500,-41.4000,MUNIZ FREIRE (DNOS) 
-20.9447,-41.4008,FAZENDA MONTE ALEGRE 
-20.5406,-41.6656,IBITIRAMA 
-20.3228,-41.7042,SANTA CRUZ - CAPARAO 
-20.3667,-41.0611,ARACE (FAZENDA MODELO) 
-20.0786,-41.1214,AFONSO CLAUDIO - MONTANTE 
-20.4333,-41.4833,TERRA CORRIDA (DNOS) 
-20.8500,-41.1167,CACHOEIRO DO ITAPEMIRIM 
-20.3167,-41.1667,VENDA NOVA 
-20.7400,-42.0239,CARANGOLA 
-20.7500,-42.8833,VICOSA 
-20.1036,-42.4400,RAUL SOARES - MONTANTE 
-20.7833,-41.2500,PACOTUBA 
-20.7261,-42.9172,SERIQUITE 
-20.6825,-42.8067,SAO MIGUEL DO ANTA 
-20.7500,-42.8500,VICOSA 
-20.3833,-43.4333,PASSAGEM DE MARIANA 
-20.3333,-43.5500,VARGEM DO TEJUCAL 
-20.6906,-43.2994,PIRANGA 
-20.5219,-43.8300,CONGONHAS - LINIGRAFO 
-20.1000,-43.8000,RIO ACIMA 
-20.9558,-43.8008,CARANDAI 
-20.3333,-43.6667,CACHOEIRA DO CAMPO 
-20.1167,-43.0500,ALVINOPOLIS 
-20.3833,-43.5000,OURO PRETO 
-20.5167,-43.0167,USINA DA BRECHA 
-20.2856,-43.0989,FAZENDA OCIDENTE 
-20.6833,-44.8167,OLIVEIRA 
-20.3000,-41.1000,ALTO JUCU 
-20.3833,-43.5000,FAZENDA DO MANSO 
-20.4333,-43.4000,SALTO 
-20.7167,-43.3833,MARIANA 
-20.1261,-43.9503,REPRESA DO MIGUELAO (MMV) 
-20.3053,-43.6164,FAZENDA AGUA LIMPA - JUSANTE 
-20.1922,-44.7936,CARMO DO CAJURU 
-20.1369,-44.8919,DIVINOPOLIS 
-20.1978,-44.1208,MELO FRANCO 
-20.0428,-44.0433,IBIRITE 
-20.0000,-45.9833,BAMBUI 
-20.0075,-44.3311,FAZENDA CURRALINHO 
-20.4722,-45.0361,LAMOUNIER 
-20.7167,-46.6167,PASSOS 
-20.0167,-44.0500,IBIRITE 
-20.3667,-43.4833,PICO DE ITABIRITO 
-20.4572,-45.4192,FORMIGA 
-20.1500,-44.2333,FECHO DO FUNIL 
-20.1000,-44.2833,JUSANTE CARRAPATO 
-20.3500,-47.8167,ITUVERAVA - ACCO 
-20.5167,-47.4000,FRANCA 
-20.5500,-47.4000,FRANCA P11-140 
-20.6000,-47.4833,RESTINGA 
-20.3333,-47.7667,ITUVERAVA 
-20.5436,-47.4231,FRANCA 
-20.5667,-48.5667,BARRETOS 
-20.5500,-48.5667,BARRETOS 
-20.8000,-49.3833,SAO JOSE DO RIO PRETO 
-20.8000,-49.3833,SAO JOSE DO RIO PRETO 
-20.8667,-49.3000,ENGENHEIRO SCHMIDT 
-20.8167,-49.3833,FERREIRA E BUENO (ACCO) 
-20.2333,-50.6500,URANIA 
-20.7947,-51.7128,TRES LAGOAS 
-20.4442,-54.7225,CAMPO GRANDE 
-20.7833,-51.7167,JUPIA (EFNOB) 
-20.8000,-51.7167,TRES LAGOAS (EFNOB) 
-20.4453,-52.9189,AGUA CLARA 
-20.9514,-54.9717,SIDROLANDIA 
-20.4517,-54.6275,DNOS - 8.DRS 
-20.2294,-58.1667,BAIA NEGRA 
-21.3000,-40.9833,BARRA DO ITABAPOANA 
-21.4919,-41.6136,CARDOSO MOREIRA 
-21.2053,-41.9067,ITAPERUNA 
-21.6433,-41.8586,DOIS RIOS 
-21.6258,-41.9853,TRES IRMAOS 
-21.4167,-41.7000,ITALVA 
-21.0647,-41.3625,MIMOSO DO SUL 
-21.0367,-41.6522,SAO JOSE DO CALCADO 
-21.5422,-42.1806,SANTO ANTONIO DE PADUA 
-21.3833,-41.3500,MORRO DO COCO 
-21.7500,-41.3333,CAMPOS 
-21.2000,-41.9000,ITAPERUNA 
-21.3069,-42.8606,ASTOLFO DUTRA 
-21.3894,-42.7019,CATAGUASES 
-21.1486,-42.2156,PATROCINIO DO MURIAE 
-21.0503,-42.5156,FAZENDA UMBAUBAS 
-21.1333,-42.3500,MURIAE 
-21.6581,-42.3428,FAZENDA DA BARRA (PIRAPETINGA) 
-21.8708,-42.6403,PAQUEQUER 
-21.9525,-42.3558,ALDEIA 
-21.9500,-42.0167,SANTA MARIA MADALENA 
-21.9333,-42.6167,CARMO 
-21.1333,-42.3333,MURIAE 
-21.1167,-42.9333,UBA 
-21.8433,-42.5783,USINA ILHA DOS POMBOS 
-21.9233,-42.7764,SUPLICIO 
-21.1872,-43.9800,BARROSO 
-21.1928,-43.6139,VARGEM DO ENGENHO 
-21.2747,-43.8786,USINA BARBACENA 
-21.2167,-43.7667,BARBACENA 
-21.2789,-43.8200,CAMPOLIDE 
-21.3833,-42.6833,CATAGUASES 
-21.9500,-41.0833,MARRECAS (ILHA GRANDE) 
-21.7500,-41.3333,CAMPOS 
-21.9500,-42.0167,SANTA MARIA MADALENA 
-21.9333,-43.3500,COTEJIPE 
-21.9167,-43.3667,FAZENDA SAO JOSE 
-21.5942,-43.5053,CHAPEU D'UVAS 
-21.7783,-43.3253,JUIZ DE FORA - JUSANTE 
-21.9664,-43.3725,SOBRAJI 
-21.5500,-43.2500,CEL.PACHECO (AGUA LIMPA) 
-21.4311,-43.5531,SANTOS DUMONT 
-21.1225,-44.2325,PORTO TIRADENTES 
-21.1650,-44.1356,PORTO DO ELVAS 
-21.1833,-45.0500,RIBEIRAO VERMELHO 
-21.1894,-44.3289,VILA RIO DAS MORTES 
-21.1333,-44.2667,SAO JOAO DEL REI 
-21.7000,-45.9000,MACHADO 
-21.9667,-45.3667,LAMBARI 
-21.4833,-43.3833,PIAU (BARRAGEM) 
-21.6667,-45.9167,MACHADO 
-21.9333,-46.3833,FRUTICOLA INDUSTRIAL 
-21.2936,-46.7039,GUAXUPE 
-21.7833,-46.5500,POCOS DE CALDAS 
-21.0667,-47.7500,JURUCE (SARANDI - CMEF) 
-21.1000,-47.7500,CLUBE DE REGATAS 
-21.2167,-47.8667,RIBEIRAO PRETO 
-21.3000,-47.8667,FAZENDA SERRA (US. JUNQUEIRA) 
-21.8333,-46.9000,VARGEM GRANDE DO SUL 
-21.4333,-47.5833,BENTO QUIRINO 
-21.1833,-47.8000,RIBEIRAO PRETO 
-21.9833,-47.3333,PIRASSUNUNGA 
-21.1333,-47.8000,USINA TANQUINHO (SANBRA) 
-21.0833,-48.8000,PALMARES PAULISTA 
-21.7500,-48.2333,SITIO MONTE TABOR 
-21.7833,-48.8500,IBITINGA 
-21.7833,-48.1667,ARARAQUARA (CPEF) 
-21.7833,-48.1667,ARARAQUARA 
-21.8167,-49.6333,CAFELANDIA 
-21.0500,-49.9667,SAO JERONIMO 
-21.3167,-50.8667,FAZENDA SANTA ALICE 
-21.7833,-50.7833,PARAPUA 
-21.9333,-50.5333,TUPA 
-21.3333,-50.9500,USINA UNIVALEM 
-21.4667,-51.5333,DRACENA 
-9.71640,-35.8917,MARECHAL DEODORO 
-3.98330,-38.6167,PACATUBA 
-21.7000,-57.8833,PORTO MURTINHO 
-21.7258,-52.3342,PORTO UERE 
-21.8061,-54.6031,PORTO RIO BRILHANTE 
-21.6186,-55.1369,MARACAJU 
-27.7028,-48.8019,POCO FUNDO 
-22.3833,-41.8000,MACAE 
-22.0425,-41.0556,FAROL DE SAO TOME 
-22.0775,-41.7089,MACABUZINHO 
-22.3667,-41.7833,MACAE 
-22.0428,-42.0442,LEITAO DA CUNHA 
-22.3894,-42.5000,FAZENDA SAO JOAO 
-22.4986,-42.9111,REPRESA DO PARAISO 
-22.4667,-42.6500,CACHOEIRAS DE MACACU 
-22.4411,-42.6219,FAZENDA SAO JOAQUIM 
-22.2994,-42.4011,VARGEM ALTA 
-22.2767,-42.5022,VARGEM GRANDE 
-22.1569,-42.4164,BOM JARDIM 
-22.2858,-42.6600,FAZENDA MENDES 
-22.3772,-42.5517,TEODORO DE OLIVEIRA 
-22.3500,-42.5667,CASCATINHA DO CONEGO 
-22.2714,-42.7947,BOM SUCESSO 
-22.5592,-42.6989,JAPUIBA 
-22.2011,-42.9000,FAZENDA SOBRADINHO 
-22.0503,-42.6783,SUMIDOURO 
-22.0333,-42.3500,CORDEIRO 
-22.6500,-42.4000,SILVA JARDIM (BAIRRO DO CAJU) 
-22.7167,-42.6167,RIO BONITO 
-22.8500,-42.4667,PALMITAL 
-22.7167,-42.3333,ATERRADO DO SAMPAIO 
-22.4500,-42.9833,SOBERBO 
-22.9167,-42.8167,MARICA 
-22.2333,-42.0500,GLICERIO (CRUBIXAIS) 
-22.3833,-42.9667,CASCATA 
-22.2833,-42.5333,NOVA FRIBURGO 
-22.4500,-42.9333,TERESOPOLIS 
-4.33330,-41.7333,ACUDE CALDEIRAO 
-8.80000,-35.8333,MARAIAL 
-3.70000,-40.3500,BILHEIRA 
-22.9167,-42.2167,COLEGIO MILITAR 
-22.0333,-42.3833,CORDEIRO 
-22.7081,-42.7042,TANGUA (P-41R) 
-22.3767,-42.5750,APOLINARIO (E-04) 
-22.5842,-42.9408,ESCOLA UNIAO 
-22.4108,-42.7236,FAZENDA SANTO AMARO 
-22.9108,-42.8219,MOMBUCA 
-22.9033,-42.7072,CARANGUEJO 
-22.4822,-42.9961,POSTO GARRAFAO 
-22.8531,-42.5519,RIO MOLE 
-22.9306,-42.5028,SAQUAREMA 
-22.5500,-42.9000,ICONHA (ORINDI) 
-22.5333,-43.0500,ANDORINHAS 
-22.2189,-43.7036,VALENCA 
-22.5117,-43.1708,PETROPOLIS 
-22.4853,-43.1492,ITAMARATI - SE 
-22.4381,-43.1703,RIO DA CIDADE 
-22.2419,-43.1044,AREAL (GRANJA GABI) 
-22.2997,-43.1781,FAGUNDES 
-22.1272,-43.1522,MOURA BRASIL 
-22.2008,-43.0269,MORELI (PARADA MORELI) 
-22.5333,-43.8167,FAZENDA SANTANA 
-22.4333,-42.9833,TERESOPOLIS (PARQUE NACIONAL) 
-22.8667,-43.4667,BANGU 
-22.8667,-42.3333,ARARUAMA 
-22.6333,-42.4667,RODO DO IMBAU 
-22.0333,-42.3500,DOUTOR LORETTI 
-22.8167,-43.6333,PONTE DO GUANDU 
-22.5833,-43.3500,TINGUA 
-22.7833,-43.2833,CANAL MERITI 
-22.9667,-43.5833,MATO ALTO 
-22.8833,-43.3500,CAMPINHO 
-22.6000,-43.0167,CITROLANDIA 
-22.9333,-43.2667,MORRO DO ENCONTRO 
-22.9242,-43.2681,PRACA ROCCO 
-22.9217,-43.4200,ELETROBRAS 
-22.8658,-43.4258,REALENGO - 4DR 
-22.9667,-43.4000,AUTODROMO DO RIO 
-22.8881,-43.2489,BENFICA - CCPL 
-22.8625,-43.5433,MENDANHA - 6DR 
-22.8500,-43.2167,CIDADE UNIVERSITARIA 
-22.9417,-43.3511,CIDADE DE DEUS 
-22.9000,-43.1667,RIO DE JANEIRO 
-22.3500,-43.7000,SANTA MONICA 
-22.7667,-43.6833,OBSERVATORIO (KM 47) 
-22.9833,-43.3667,JACAREPAGUA 
-22.9500,-43.2667,ALTO DA BOA VISTA 
-22.7333,-43.3000,NUCLEO COLONIAL S. BENTO 
-22.5833,-43.3000,XEREM 
-22.6333,-43.5500,SAO PEDRO DA ALDEIA 
-22.8667,-43.7667,ITAGUAI 
-22.9167,-43.2167,LARANJEIRAS 
-22.9000,-43.1833,MORRO DA CONCEICAO 
-22.9667,-43.2500,PAO DE ACUCAR 
-22.8833,-43.2167,PENHA 
-22.8667,-43.4333,REALENGO 
-22.9167,-43.1833,SANTA TERESA 
-22.7667,-43.6833,ECOLOGIA AGRIC. (KM 47) 
-22.5167,-43.1833,ARARAS 
-22.7667,-43.4500,NOVA IGUACU 
-22.7428,-43.3114,SAO BENTO 
-22.9500,-43.2500,COLEGIO REGINA COELI 
-22.8306,-43.3294,IRAJA - 3DR 
-22.7167,-43.5667,QUEIMADOS (FAZ WEINSCHENK) 
-22.7333,-43.2500,CANAL IGUACU 
-22.9500,-43.1833,PRAIA BOTAFOGO (ELEV. ESGOTO) 
-22.9833,-43.2000,COPACABANA - ELEV. ESGOTO 
-22.8833,-43.2333,RUA DA ALEGRIA 
-22.9000,-43.2000,MANGUE 
-22.8833,-43.2000,GAMBOA 
-22.9833,-43.2000,ARPOADOR 
-22.5500,-43.0667,SANTO ALEIXO 
-22.4819,-43.8392,UEL SANTA CECILIA TOMADA D'AGUA 
-22.1417,-43.2156,TRES RIOS 
-22.8667,-43.2167,CAJU 
-22.5014,-43.9308,VARGEM ALEGRE 
-22.5319,-43.8181,BARRAGEM DE SANTANA 
-22.9500,-43.1833,ELEVATORIA DE BOTAFOGO 
-22.5433,-43.0603,ANDORINHAS 
-22.8828,-43.1075,HORTO FLORESTAL 
-22.7056,-43.4622,NOVA IGUACU 
-22.5508,-43.3042,XEREM 
-22.9578,-43.2778,CAPELA MAYRINK 
-22.3000,-43.0333,GRANJA JURITY 
-22.9003,-43.8661,COROA GRANDE 
-22.3333,-43.4167,AVELAR 
-22.5475,-44.7814,QUELUZ (CENTRO SAUDE) 
-22.5814,-44.9650,CRUZEIRO 
-22.5833,-44.9833,CRUZEIRO 
-22.6500,-44.5833,SAO JOSE DO BARREIRO 
-22.6919,-44.9750,FAZENDA SANTA CLARA (EX BOCAINA) 
-22.7333,-44.9167,USINA BOCAINA 
-22.9681,-43.2172,LAGOA RODRIGO DE FREITAS 
-22.9583,-44.5611,FAZENDA FORTALEZA 
-22.5833,-44.9667,CRUZEIRO 
-22.6000,-44.4667,NUUCLEO COL. BANDEIRANTES 
-22.7000,-44.3167,BANANAL 
-22.5003,-44.5542,ITATIAIA 
-22.4742,-44.2289,RIBEIRAO DE SAO JOAQUIM 
-22.2431,-44.2636,ZELINDA 
-22.3392,-44.5906,FAZENDA AGULHAS NEGRAS 
-22.8322,-44.1989,LIDICE 
-22.5011,-44.0919,VOLTA REDONDA 
-22.4742,-44.2289,GLICERIO 
-22.4661,-44.4447,RESENDE 
-22.5333,-43.8167,SANTANESIA 
-22.3300,-44.5383,VISCONDE DE MAUA (ESC. AGROT) 
-22.2667,-44.8667,ITAMONTE - HORTO (DNER) 
-22.3833,-44.9667,PASSA QUATRO (INMET) 
-22.2944,-44.9392,ITANHANDU 
-22.8500,-44.2000,LIDICE 
-22.4833,-44.4453,RESENDE 
-22.5167,-44.0000,PINHEIRAL 
-22.3833,-44.9667,PASSA QUATRO 
-22.4767,-44.4744,RESENDE (Aeroporto) 
-22.6833,-45.7500,SAO BENTO DO SAPUCAI 
-22.7714,-44.0906,DESVIO VARZEA 
-22.6925,-44.0069,PASSA TRES 
-22.5711,-44.0206,ARROZAL 
-22.5294,-44.5175,RESENDE (ACAMPAMENTO) 
-22.9614,-44.0306,IBICUI 
-22.9356,-44.3958,BRACUI 
-22.7997,-45.1481,RIO DAS CANOAS 
-22.9500,-44.5500,FAZENDA FORTALEZA 
-22.2514,-45.7089,SANTA RITA DO SAPUCAI 
-22.7167,-45.2500,BAIRRO DOS LEMES 
-22.7000,-45.1500,PILOES (DA) 
-22.7167,-45.5667,VILA CAPIVARI 
-22.7333,-45.0833,LORENA 
-22.7333,-45.2000,COLONIA DO PIAGUI 
-22.7167,-45.5333,USINA DO FOJO 
-22.7500,-45.2333,FAZENDA CAPITUVA 
-22.7667,-45.1167,HARAS MONDESIR 
-22.7667,-45.5167,PICO DO ITAPEVA 
-22.8122,-45.1825,GUARATINGUETA 
-22.8000,-45.1667,GUARATINGUETA 
-22.8333,-45.6333,EUGENIO LEFEVRE 
-22.9000,-45.4333,PINDAMONHANGABA 
-22.9111,-45.4703,PINDAMONHANGABA 
-22.9500,-45.2500,BONFIM 
-22.9333,-45.8333,MONTEIRO LOBATO 
-22.5097,-45.2867,DELFIM MOREIRA 
-22.5167,-45.3667,VILA MARIA 
-22.3000,-45.3833,MARIA DA FE 
-22.4333,-45.4500,ITAJUBA (INMET) 
-22.0528,-45.6989,CAREACU 
-22.2447,-45.9597,POUSO ALEGRE 
-22.1167,-45.1333,OLIMPIO NORONHA 
-22.3756,-45.4469,SAO JOAO DE ITAJUBA 
-22.1322,-45.9178,VARGEM DO CERVO 
-22.4069,-45.2150,BAIRRO SANTA CRUZ 
-22.7000,-45.1333,FAZENDA SAO JOSE 
-22.7667,-45.7000,ZE DA ROSA 
-22.6667,-45.5667,BAIRRO AGUA SANTA 
-22.3147,-45.3731,MARIA DA FE 
-22.7667,-45.6833,ROSAS (SANATORIO) 
-22.8167,-45.7333,RIO PRETO 
-22.1000,-45.0167,SAO LOURENCO 
-22.7481,-45.1022,LORENA 
-22.7100,-46.7747,AMPARO 
-22.1667,-46.7333,ESPIRITO SANTO DO PINHAL 
-22.2167,-46.9500,ITAQUI 
-22.2667,-46.7500,USINA PINHAL 
-22.3664,-46.9314,MOGI GUACU 
-22.4500,-46.8167,ITAPIRA 
-22.9597,-45.5539,TREMEMBE 
-22.5167,-46.6500,LINDOIA 
-22.6000,-46.7000,SERRA NEGRA 
-22.5167,-46.6667,LINDOIA 
-22.6667,-46.9667,FAZENDA DA BARRA 
-22.7000,-46.6667,MONTE ALEGRE DO SUL 
-22.7833,-46.6000,PINHALZINHO 
-22.7833,-46.9997,DESEMBARGADOR FURTADO 
-22.8167,-46.6833,TUIUTI 
-22.8167,-46.9000,PCH JAGUARI MONTANTE 
-22.8833,-46.6167,MAE DOS HOMENS 
-22.9333,-46.5333,BRAGANCA PAULISTA 
-22.9333,-46.9000,PCH SALTO GRANDE JUSANTE 
-22.7600,-46.1469,CAMANDUCAIA 
-22.9333,-46.2667,JOANOPOLIS 
-22.9667,-46.1000,FAZENDA BONFIM 
-22.6000,-46.9500,POSSE DE RESSACA (CMEF) 
-22.9500,-46.5333,BRAGANCA PAULISTA - FUMEST 
-22.0167,-47.9000,SAO CARLOS (INMET) 
-22.0167,-47.9000,VILA CARMEM 
-22.1333,-47.6667,ANALANDIA 
-22.2167,-47.6167,CORUMBATAI 
-22.2833,-47.1500,CAMPININHA 
-22.8833,-46.7833,MORUNGABA 
-22.7500,-46.9333,PEDREIRA 
-22.7500,-46.1500,CAMANDUCAIA 
-22.3833,-46.7833,BOM SUCESSO 
-22.4167,-47.5500,RIO CLARO 
-22.4333,-47.7167,IPEUNA 
-22.4833,-47.5167,SANTA GERTRUDES 
-22.5167,-47.7833,CHARQUEADA 
-22.5667,-47.3667,LIMEIRA 
-22.5833,-47.5500,IRACEMAPOLIS 
-22.6667,-47.2167,USINA ESTER 
-22.7333,-47.3333,AMERICANA (CPEF) 
-22.7333,-47.5333,TUPI (EMSA) 
-22.7500,-47.4500,FAZENDA SAO PEDRO 
-22.7833,-47.0333,FAZENDA MONTE D'ESTE 
-22.8333,-47.0667,BARAO GERALDO 
-22.9000,-47.0500,CAMPINAS (INMET) 
-22.8833,-47.0833,CAMPINAS - IA 
-22.8833,-47.3667,FAZENDA AREIA BRANCA 
-22.9000,-47.0667,CAMPINAS (CPEF) 
-22.7000,-47.6500,PIRACICABA 
-22.9000,-47.0667,BAIRRO DO TAQUARAL 
-23.0161,-47.5094,CAPIVARI 
-22.0167,-47.9000,SAO CARLOS 
-22.7000,-47.3000,NOVA ODESSA 
-22.5667,-47.1667,ARTUR NOGUEIRA 
-22.8333,-47.4333,FAZENDA SAO LUIZ 
-22.9167,-47.3833,FAZENDA MONTE BELO 
-22.8667,-47.6500,FAZENDA MONTE CARMELO 
-22.0333,-47.9667,MONJOLINHO (CPEF) 
-22.5167,-47.4000,FAZENDA ITAPEMA 
-22.9667,-47.0833,FAZENDA SETE QUEDAS 
-22.4833,-47.2167,ENGENHEIRO COELHO (EFS) 
-22.3833,-47.4167,COLONIA AGUA BOA 
-22.0167,-47.8833,SAO CARLOS 
-22.9997,-47.5000,CAPIVARI 
-22.7072,-46.9867,JAGUARIUNA 
-22.4833,-47.5833,GRANJA NOVA ZELANDIA 
-22.7333,-47.3333,SILOS 
-22.5667,-47.4000,LIMEIRA 
-22.8500,-47.2500,SUMARE 
-22.3000,-48.5333,JAU (CPEF) 
-22.2500,-48.5667,JAU 
-22.3333,-48.9833,SANATORIO AIMORES 
-22.3333,-48.5667,JAU (ACCO) 
-22.2167,-48.6000,POUSO ALEGRE 
-22.2333,-49.9333,MARILIA (ACCO) 
-22.3000,-49.1500,VAL DE PALMAS 
-22.3167,-49.0333,BAURU (PDV) 
-22.3167,-49.9997,BAIRRO SAO GERALDO 
-22.4167,-49.1333,PIRATININGA 
-22.9833,-49.8333,OURINHOS 
-22.4000,-49.1333,PIRATININGA (ACCO) 
-22.2833,-49.1167,BAURU 
-22.2167,-49.9500,MARILIA (CPEF) 
-22.4333,-50.9997,TRONCAO RANCHARIA 
-22.7000,-52.0500,FAZENDA IRMAOS SASAKI 
-22.6542,-52.8606,DIAMANTE DO NORTE 
-22.3050,-53.8311,IVINHEMA 
-23.0000,-44.3167,ANGRA DOS REIS 
-22.1000,-56.5333,BELA VISTA 
-23.0833,-44.9000,FAZENDA DO CUME 
-23.0667,-44.9500,CUNHA (INMET) 
-23.3833,-44.8333,PICINGUABA 
-23.3172,-44.7217,PATRIMONIO 
-23.2236,-44.7639,PARATI 
-23.4500,-45.0833,UBATUBA 
-23.0047,-44.5364,VILA PEREQUE 
-23.0333,-45.5667,TAUBATE 
-23.0667,-45.5500,FAZENDA CATAGUA 
-23.1167,-45.2000,FAXINAL 
-23.0833,-45.6667,CERAMICA QUIRINO 
-23.1333,-45.7167,SAPE 
-23.1833,-45.4667,BAIRRO BOM RETIRO 
-23.2000,-45.5333,FAZENDA IPIRANGA 
-23.2333,-45.3000,SAO LUIS DO PARAITINGA 
-23.1833,-45.8833,SAO JOSE DOS CAMPOS 
-23.2167,-45.7833,BAIRRO CAJURU 
-23.2833,-45.9500,JACAREI 
-23.2833,-45.7833,VARADOURO 
-23.3000,-45.9667,ITAPEVA (DER) 
-23.3167,-45.8833,JARDIM 
-23.3667,-45.3667,LARANJAL 
-23.1333,-45.7500,SANTA LUZIA 
-23.3833,-45.1167,MATO DENTRO 
-23.6167,-45.4333,BAIRRO RIO DOURO 
-23.4333,-45.0667,UBATUBA 
-23.5500,-45.4667,BAIRRO DA CAPOEIRINHA (DER) 
-23.5667,-45.9667,PONTE NOVA 
-23.5833,-45.4500,CARAGUATATUBA 
-23.6333,-45.4333,CARAGUATATUBA 
-23.7000,-45.4500,PORTO NOVO 
-23.1167,-45.9167,BUQUIRINHA 
-23.3292,-45.1403,PONTE ALTA 1 
-23.4500,-45.0667,UBATUBA - IA 
-23.1997,-45.8878,SAO JOSE DOS CAMPOS 
-23.4272,-45.9769,USINA PUTIM 
-23.2667,-47.3000,ITU (INMET) 
-23.1847,-45.9278,SAO JOSE DOS CAMPOS - SE 
-23.5461,-45.4503,PASSA QUATRO 
-23.7667,-45.4167,SAO FRANCISCO 
-23.7833,-45.5500,MARESIAS 
-23.4167,-45.1167,UBATUBA 
-23.1833,-45.7000,ANTIGA CARBONIFERA 
-23.1833,-45.8000,PARARANGABA 
-23.2333,-45.8500,BAIRRO DOS PUTINS 
-23.5569,-45.2769,CEEPAM 
-23.6667,-45.5500,CAMBURU 
-23.5500,-46.8667,BAIXO COTIA 
-23.0833,-46.4000,BATATUBA 
-23.1500,-46.5500,ATIBAIA 
-23.1167,-46.5500,ATIBAIA 
-23.1833,-46.4000,NAZARE PAULISTA 
-23.2000,-46.1167,IGARATA (FAZ. SUDARIO) 
-23.1167,-46.9333,JUNDIAI - IA 
-23.2000,-46.9833,ERMIDA 
-23.2167,-46.6667,RIO ACIMA 
-23.3333,-46.2333,SANTA ISABEL 
-23.3833,-46.3500,BAIRRO FAZENDA VELHA 
-23.4000,-46.5333,CABUCU (SABESP) 
-23.4000,-46.7500,PERUS 
-23.8833,-46.4833,CURVA DA ONCA 
-23.8833,-46.4500,MORRO DO PICHE 
-23.4333,-46.2833,FAZENDA SAO BENTO 
-23.4167,-46.4000,BOM SUCESSO 
-23.4667,-46.6333,HORTO FLORESTAL 
-23.4500,-46.9167,SANTANA DE PARNAIBA 
-23.4167,-46.5667,BARROCADA 
-23.4000,-46.5833,ENGORDADOR 
-23.4667,-46.7167,NOSSA SENHORA DO O 
-23.4833,-46.3500,ITAQUAQUECETUBA 
-23.5500,-46.2833,SUZANO 
-23.4833,-46.3667,MONTE BELO 
-23.5167,-46.7333,LAPA 
-23.3500,-46.9333,PONUNDUVA 
-23.3167,-46.5833,MAIRIPORA 
-23.0333,-46.9667,VINHEDO 
-23.5167,-46.2000,ESTALEIRO DAEE 
-23.5167,-46.6500,PONTE PEQUENA 
-23.5167,-46.6833,AGUA BRANCA 
-23.5667,-46.1000,CAPIXINGA 
-23.6333,-46.5833,SAO CAETANO DO SUL 
-23.6333,-46.6500,CONGONHAS (AEROPORTO) 
-23.6667,-46.4833,MAUA 
-23.6667,-46.5667,RUDGE RAMOS 
-23.6500,-46.7000,SANTO AMARO 
-23.7167,-46.9667,PEDRO BEICHT 
-23.6833,-46.3000,FAZENDA DO SERTAO 
-23.7167,-46.8500,SAO BERNARDO DO CAMPO 
-23.7167,-46.8500,ITAPECERICA DA SERRA 
-23.7500,-46.1333,REPRESA ITATINGA 
-23.7667,-46.1167,USINA ITATINGA 
-23.7667,-46.8333,MOMBACA 
-23.8667,-46.3833,PIACAGUERA (EFSJ) 
-23.8500,-46.5000,ALTO DA SERRA 
-23.8833,-46.2167,CAETE 
-23.8833,-46.4167,CUBATAO 
-23.9500,-46.1833,PEREQUE 
-23.9500,-46.3000,VICENTE DE CARVALHO (INMET) 
-23.9333,-46.2833,VICENTE DE CARVALHO 
-23.1056,-46.5572,ATIBAIA 
-23.3333,-46.7333,FRANCO DA ROCHA 
-23.4808,-46.4711,ERMELINDO MATARAZZO 
-23.5000,-46.7167,MAIRIPORA 
-23.5833,-46.2167,FAZENDA SANTO ANGELO 
-23.5842,-46.2556,VARINHAS 
-23.5500,-46.2167,MOGI DAS CRUZES 
-23.5500,-46.6333,SAO PAULO (SANTO AMARO) 
-23.5833,-46.8833,COOPERCOTIA - IA 
-23.7167,-46.5333,SAO BERNARDO DO CAMPO 
-23.8333,-46.3667,PIASSAGUERA 
-23.9997,-46.2833,PONTA DA PRAIA 
-23.9333,-46.3333,SANTOS (PONTA DA PRAIA) 
-23.9167,-46.2833,SANTOS (BASE AEREA) 
-23.7667,-46.6500,BORORE 
-23.6500,-46.9500,CACHOEIRA DA GRACA 
-23.7500,-46.5333,RECALQUE ABC 
-23.5333,-46.6333,LUZ (ESTACAO) 
-23.7667,-46.3500,CAMPO GRANDE 
-23.5833,-46.2333,FAZENDA SANTO ANGELO 
-23.5667,-46.6333,SAO PAULO (FAC. HIGIENE) 
-23.6167,-46.5500,VILA PROSPERIDADE (GM) 
-23.8000,-46.4667,SANGRADOURO PEQUENO PEREQUE 
-23.6167,-46.5833,SAO CAETANO DO SUL 
-23.6667,-46.8500,ITAPECERICA SERRA 
-23.6000,-46.7000,EL TRAICAO SUL 
-23.7833,-46.3500,PARANAPIACABA P12-180 
-23.7667,-46.5667,SERRARIA CAPUTO 
-23.8167,-46.8167,EMBU-GUACU 
-23.8500,-46.7000,TAQUACETUBINHA 
-23.7500,-46.7333,COCAIA 
-23.8000,-46.5167,ZANZALA 
-23.7667,-46.4500,TANQUE STREIFF 
-23.8667,-46.5000,ALTO SERRA - CASCATINHA 
-23.5261,-46.5578,ARICANDUVA FOZ 
-23.7167,-46.6000,JARDIM AMBARE 
-23.5500,-46.6333,PACHECO CHAVES 
-23.8000,-46.8167,ITARARE 
-23.6167,-46.9333,COTIA 
-23.5333,-46.6333,SAO PAULO (ESTACAO DA LUZ) 
-23.7333,-46.6833,ACAMPAMENTO DE ENGENHEIROS 
-23.3000,-46.8833,TERRA NOVA P12-127 
-23.3500,-46.8833,PIRES P12-126 
-23.5000,-46.3667,ITAQUAQUECETUBA 
-23.8000,-46.5500,JOAO BASSO 
-23.7667,-46.4833,ALMEIDA PRADO 
-23.4000,-46.9167,GATO PRETO 
-23.4833,-46.8333,TAMBORE 
-23.4167,-46.9997,SITIO ITAQUERI 
-23.7333,-46.5167,MONTANHAO 
-23.5333,-46.4333,RIBEIRAO PIRES 
-23.5500,-46.9833,FAZENDINHA 
-23.4500,-46.5333,GUARULHOS 
-23.6167,-46.8000,JAGUARE (SABESP) 
-23.5167,-46.8000,OSASCO (EFS) 
-23.5167,-46.8667,BARUERI 
-23.6000,-46.9167,COTIA 
-23.5667,-46.9333,ROSELANDIA 
-23.5167,-46.6667,LIMAO 
-23.7667,-46.3000,PARANAPIACABA 
-23.9167,-46.4667,SALES DA CRUZ 
-23.6667,-46.5000,SANTO ANDRE 
-23.8167,-46.8333,ITAQUACIARA (EFS) 
-23.6333,-46.5500,UTINGA 
-23.4833,-46.4333,SAO MIGUEL PAULISTA 
-23.6667,-46.4500,CERAMICA MAUA 
-23.8833,-46.8000,MARIO SOUTO (EFS) 
-23.6667,-46.8833,SITIO VOTORANTIM 
-23.4667,-46.6667,GUARAU (SABESP) 
-23.5167,-46.2667,GRANJA JURUPOCA 
-23.6333,-46.8500,MOINHO VELHO 
-23.2167,-46.7833,CAMPO LIMPO 
-23.5667,-46.4333,ITAQUERA 
-23.7000,-46.6000,DIADEMA 
-23.7000,-46.4500,GUAPITUBA 
-23.8333,-46.5833,RIO ACIMA 
-23.5667,-46.6167,MOOCA - COMGAS 
-23.5833,-46.5000,JARDIM CENTENARIO 
-23.5667,-46.7333,CIDADE UNIVERSITARIA 
-23.5667,-46.7333,SAO PAULO (INST. BUTANTAN) 
-23.4500,-46.2333,BAIRRO TABOAO 
-23.7833,-46.5833,JOAO DA PONTE 
-23.4667,-46.6333,SAO PAULO (FAC. DE HIGIENE) 
-23.6500,-46.3333,TAIACUPEBA-MIRIM 
-23.6667,-46.5167,MAUA 
-23.0333,-46.9997,VINHEDO (ROCINHA) P12-130 
-23.7667,-46.5500,TAQUARAL 
-23.5500,-46.6667,LIBERDADE 
-23.6833,-46.5333,PEREIRA BARRETO 
-23.4500,-46.6167,ITAGUACU (SABESP) 
-23.5667,-46.6500,BELA VISTA 
-23.8000,-46.5333,PEQUENO PONTE 
-23.5500,-46.5167,VILA CARRAO 
-23.8167,-46.6667,TAQUACETUBA 
-23.6333,-46.4667,PARQUE SAO RAFAEL 
-23.4333,-46.4667,GUARULHOS 
-23.5167,-46.7500,OSASCO 
-23.5333,-46.9833,AMADOR BUENO 
-23.4333,-46.6500,GUARAU 
-23.0333,-47.1000,DESCAMPADO (EFS) 
-23.0833,-47.2167,INDAIATUBA 
-23.1000,-47.4167,SAMAMBAIA 
-23.1667,-47.1333,FAZENDA SANTA RITA 
-23.1500,-47.0667,ITUPEVA (EFS) 
-23.2333,-47.6167,USINA SANTA ROSA (IAA) 
-23.2667,-47.3000,ITU (EFS) 
-23.3167,-47.7833,AMERICANA VELHA 
-23.3333,-47.3333,PIRAPITINGUI 
-23.3333,-47.6833,IPERO 
-23.4000,-47.7667,BAIRRO SARAPU 
-23.4167,-47.4000,EDEN 
-23.4333,-47.2500,DONA CATARINA 
-23.4500,-47.5667,GEORGE OETTERER 
-23.5000,-47.4333,SOROCABA 
-23.5333,-47.1333,ESTACAO EXPERIMENTAL 
-23.5500,-47.4500,VOTORANTIN (FABRICA) 
-23.5500,-47.0833,MAILASKI 
-23.5500,-47.1833,MAIRINQUE 
-23.5833,-47.3167,CARAFA 
-23.6500,-47.5667,SALTO DE PIRAPORA 
-23.6500,-47.2167,IBIUNA 
-23.7167,-47.4167,PIEDADE 
-23.6833,-47.0167,CAUCAIA DO ALTO 
-23.6500,-46.7833,PIRAJUCARA 
-23.9333,-47.0667,JUQUITIBA 
-23.0261,-47.8183,LARANJAL PAULISTA 
-23.1000,-47.7167,TIETE 
-23.1511,-47.0578,ITUPEVA 
-23.0667,-47.9667,PEREIRAS 
-23.4169,-47.4014,EDEN (PIRAJIBU) 
-23.5000,-47.4500,SOROCABA 
-23.3333,-47.1500,FAZENDA PIRAI 
-23.2167,-47.2833,SALTO (EFS) 
-23.4167,-47.6500,MINA NOVA DE APATITA 
-23.0500,-47.3000,CARDEAL (EFS) 
-23.0500,-47.8167,CHACARA SAO PEDRO 
-23.4833,-47.9500,MORRO DO ALTO 
-23.1833,-48.1167,PORANGABA 
-23.3000,-48.0500,QUADRA 
-23.1500,-47.8000,BAIRRO REPRESA 
-23.5000,-47.1333,GUACU 
-23.2333,-47.4167,BAIRRO DA INVERNADA 
-23.3500,-47.0833,JAPI 
-23.5500,-48.3000,BOM RETIRO 
-23.6333,-48.1167,PORTO VELHO 
-23.7667,-48.1333,GRAMADINHO 
-23.5833,-48.0500,ITAPETININGA 
-23.9667,-48.9500,ITAPEVA 
-23.9667,-48.8667,ITAPEVA 
-23.1000,-48.9167,AVARE (ESTADUAL) 
-23.1000,-48.9167,AVARE 
-23.6000,-48.0500,ITAPETININGA 
-23.5333,-48.0333,ITAPETININGA (HORTO) 
-23.1167,-48.9333,AVARE (EFS) 
-23.1667,-48.9167,PORTO PARANAPANEMA 
-23.8333,-50.1833,IBAITI (BARRA BONITA - RVPSC) 
-23.8167,-50.1331,JAPIRA 
-23.3000,-51.1500,LONDRINA (EST. AGROCLIMAT.) 
-23.9408,-51.5878,BORRAZOPOLIS 
-23.4000,-51.8739,GUAIAPO 
-23.1000,-51.5167,JAGUAPITA 
-23.4500,-51.9833,MARINGA - SE 
-23.5347,-51.4467,APUCARANA - SE 
-23.8667,-52.8833,TUNEIRAS DO OESTE 
-23.5500,-51.4500,APUCARANA 
-23.3831,-52.9331,CIDADE GAUCHA 
-23.0817,-53.4811,QUERENCIA DO NORTE 
-24.1833,-46.8000,ITANHAEM 
-24.1833,-46.7833,ITANHAEM 
-24.0333,-46.5500,MELVI 
-24.2667,-47.1667,GUANHANHA 
-24.3000,-47.0667,ANA DIAS 
-24.3333,-47.2000,BAIRRO IGREJINHA 
-24.3500,-47.7167,ESCALVADO 
-24.3833,-47.9333,SETE BARRAS 
-24.5000,-47.8500,REGISTRO 
-24.7167,-47.8833,PARIQUERA-ACU 
-24.7000,-47.5667,IGUAPE 
-24.9333,-47.9500,ITAPITANGUI 
-24.2497,-47.3831,PEDRO BARROS 
-24.7000,-47.5333,IGUAPE (INMET) 
-24.2167,-46.8500,PIRAQUARA 
-24.1667,-48.3333,BARREIRO 
-24.4333,-48.8500,ARACAIBA (CAPOEIRAS) 
-24.7167,-48.1167,SERRANA DO SUL 
-24.7500,-48.5000,BARRA DO TURVO 
-24.7833,-48.1833,BARRA DO AZEITE 
-24.9667,-48.3333,TURVO 
-24.6500,-48.9997,RIBEIRA 
-24.8000,-49.2833,BALSA DO CERRO AZUL 
-24.2333,-49.7000,JAGUARIAIVA 
-24.5906,-48.5911,IPORANGA 
-24.2458,-49.7167,JAGUARIAIVA 
-24.2331,-49.6831,JAGUARIAIVA - SE 
-24.2167,-50.2331,VENTANIA 
-25.4167,-52.4167,LARANJEIRAS 
-24.5997,-52.8042,CAMPINA DA LAGOA 
-24.1933,-53.0319,GOIOERE 
-24.9333,-53.4333,CASCAVEL - OCEPAR 
-25.4667,-48.8333,MORRETES 
-25.5167,-48.5167,PARANAGUA 
-25.5167,-48.5167,PARANAGUA - SE 
-25.4333,-48.7167,ANTONINA 
-25.4833,-48.8333,MARUMBI 
-25.4925,-48.9939,MANANCIAIS DA SERRA 
-25.1333,-49.2833,VOTUVERAVA (RVPSC) 
-25.4167,-49.3000,CURITIBA 
-25.4500,-49.0667,PIRAQUARA 
-25.4333,-49.2667,CURITIBA 
-25.4722,-49.0150,ROCA NOVA (RVPSC) 
-25.4667,-49.4333,CAMPO LARGO 
-25.5000,-49.5000,CARATUVA 
-25.5192,-49.1467,FAZENDINHA 
-25.1500,-49.4000,RIO BRANCO DO SUL 
-25.6000,-49.4000,BELA VISTA 
-25.3200,-49.1592,COLOMBO - EMBRAPA - CNPF 
-25.7000,-49.3500,BOTIATUVA 
-25.3669,-49.0736,QUATRO BARRAS 
-25.1833,-49.3167,RIO BRANCO DO SUL 
-25.4500,-49.2500,PRADO VELHO - UCP 
-25.9833,-49.6833,CAMPO DO TENENTE 
-25.3906,-49.3622,PASSAUNA SANTA FELICIDADE 
-25.3519,-49.3447,MONTANTE ATERRO SANITARIO (JURUQUI) 
-25.3850,-49.3925,MATO LIMPO 
-25.4181,-49.3869,COLONIA DOM PEDRO 
-25.2875,-49.2306,COLOMBO - SE 
-25.5928,-49.3169,UMBARA - SE 
-25.3167,-49.3000,ALMIRANTE TAMANDARE 
-25.1881,-49.3214,RIO BRANCO DO SUL - SE 
-25.2500,-49.3000,AREIAS 
-25.4467,-49.1978,AUTODROMO 
-25.4667,-50.6667,IRATI 
-25.4494,-49.3564,UNIVERSIDADE POSITIVO 
-25.3867,-49.2661,JUSANTE PARQUE SAO LOURENCO 
-25.6622,-49.1028,MALHADA 
-25.2000,-50.9333,RIO DOS PATOS 
-25.8756,-50.3894,SAO MATEUS DO SUL 
-25.4667,-50.6333,IRATI 
-25.8833,-50.3833,SAO MATEUS DO SUL 
-11.0233,-68.7350,BRASILEIA 
-25.4500,-49.1667,PINHAIS 
-25.4500,-51.4500,GUARAPUAVA 
-25.6297,-51.0878,COLONIA DALEGRAVE 
-25.5667,-51.0667,INACIO MARTINS 
-3.90000,-38.6667,MARANGUAPE 
-25.0833,-52.8833,GUARANIACU 
-25.4167,-52.4167,LARANJEIRAS DO SUL 
-25.3000,-52.5333,NOVA LARANJEIRAS 
-25.3806,-52.2006,VIRMOND 
-25.9833,-52.5667,CORONEL VIVIDA 
-25.7000,-53.8000,PLANALTO 
-25.4833,-53.6167,CAPITAO LEONIDAS MARQUES 
-25.5500,-54.5833,FOZ DO IGUACU (OFIC) 
-25.6278,-54.4806,PARQUE NACIONAL IGUACU - MUSEU 
-25.6831,-54.4331,SALTO CATARATAS 
-25.5833,-54.5167,TAMANDUA GRANDE 
-25.3458,-54.2442,SAO MIGUEL DO IGUACU 
-26.9167,-48.9500,GASPAR 
-26.4667,-48.9500,GUARAMIRIM 
-26.5667,-48.7167,ITAPOCU 
-26.4667,-48.7667,JACU 
-26.7550,-48.6994,PICARRAS 
-25.5011,-54.5856,FOZ DO IGUACU - SE 
-26.4483,-48.8303,PONTE SC-301 
-26.3217,-48.8464,JOINVILLE (RVPSC) 
-25.6822,-53.0167,FLOR DA SERRA 
-26.3000,-48.8500,JOINVILLE 
-26.9167,-48.6333,ITAJAI 
-26.5000,-48.9833,GUARAMIRIM (EMBRASCA) 
-26.5833,-48.9167,GUAMIRANGA (EMBRASCA) 
-26.8333,-49.1667,INDAIAL 
-26.8833,-49.1500,PASSO MANSO 
-26.9492,-49.2939,WARNOW 
-26.7356,-49.1703,POMERODE 
-26.7811,-49.3650,BENEDITO NOVO 
-26.1000,-49.8000,RIO NEGRO 
-26.9181,-49.0653,BLUMENAU 
-26.7408,-49.2706,ARROZEIRA 
-26.9683,-49.0742,GARCIA DE BLUMENAU 
-26.7931,-49.0833,ITOUPAVA CENTRAL 
-26.4944,-49.0875,RIO JARAGUA 
-26.4239,-49.2925,CORUPA 
-26.2161,-49.6033,RIO PRETO DO SUL 
-26.1547,-49.3806,FRAGOSOS 
-26.9167,-49.0500,BLUMENAU 
-26.8167,-49.2667,TIMBO 
-26.8833,-49.0833,ITOUPAVA SECA 
-26.9261,-49.8025,WITMARSUM 
-26.8950,-49.6722,BARRAGEM NORTE 
-26.4097,-49.3311,RIO NOVO 
-26.2167,-49.5000,POSTO RODRIGUES 
-26.6931,-50.1478,NOVA CULTURA 
-26.9136,-49.2675,INDAIAL 
-26.4392,-49.0628,SCHROEDER 
-26.2281,-51.0803,UNIAO DA VITORIA - 396 
-26.7667,-51.0000,CACADOR 
-26.3867,-51.2719,JANGADA DO SUL - 396 
-26.3867,-51.2719,JANGADA DO SUL 
-26.9525,-51.9281,BONITO 
-26.7500,-52.6500,PORTO ELVINO 
-26.3167,-52.7167,SAO CARVAJO 
-26.4003,-52.8956,SAO LOURENCO DO OESTE 
-26.2333,-52.6833,PATO BRANCO 
-26.2692,-53.6275,DIONISIO CERQUEIRA 
-26.7333,-53.5167,SAO MIGUEL D'OESTE I 
-26.2667,-53.6500,BARRACAO 
-26.1167,-53.6500,MARCIANOPOLIS 
-27.1006,-48.9178,BRUSQUE 
-27.2856,-48.9333,NOVA TRENTO 
-27.6928,-48.7097,ETA CASAN - MONTANTE 
-27.6006,-48.6200,FLORIANOPOLIS 
-27.0833,-48.9333,BRUSQUE 
-27.5169,-48.7694,ANTONIO CARLOS 
-27.5000,-49.0000,BARRAGEM DO GARCIA 
-27.3986,-49.6058,ITUPORANGA 
-27.1131,-49.9944,TAIO 
-27.0342,-49.5897,NOVA BREMEN DALBERGIA 
-27.2167,-49.6167,RIO DO SUL 
-27.9964,-49.1147,DIVISA DE ANITAPOLIS 
-27.2903,-49.7689,TROMBUDO CENTRAL 
-27.5019,-49.5531,BARRAGEM SUL 
-27.5075,-49.2875,LEOBERTO LEAL 
-27.1833,-49.0667,BOTUVERA 
-27.2056,-49.6317,RIO DO SUL - NOVO 
-27.6725,-49.0061,RANCHO QUEIMADO 
-27.2833,-50.6333,CURITIBANOS 
-27.0167,-50.9167,FRAIBURGO I 
-27.3833,-51.2156,UHE CAMPOS NOVOS BARRAMENTO 
-27.3500,-51.6167,CAPINZAL (RVPSC) 
-27.1717,-51.5003,JOACABA 
-27.0000,-51.1500,VIDEIRA (RVPSC) 
-27.1167,-52.6667,USINA CHAPECO (FLCSA) 
-27.1000,-52.6500,CHAPECO - AGROPECUARIA 
-27.6333,-52.2667,ERECHIM 
-27.0903,-52.6353,CHAPECO 
-27.9133,-53.3108,PALMEIRA DAS MISSOES 
-27.1967,-49.0872,BOTUVERA - MONTANTE 
-27.8500,-54.4167,SANTA ROSA 
-27.4819,-50.3850,PONTE ALTA DO SUL 
-27.3319,-49.3283,SALSEIRO 
-28.7333,-50.0667,CAPELA SAO JOSE DOS AUSENTES 
-28.2611,-49.0122,ARMAZEM CAPIVARI 
-28.5333,-48.8167,SANTA MARTA (CABO) 
-28.1047,-48.9186,VARGEM DO CEDRO 
-28.9583,-49.6014,TAQUARUCU 
-28.4194,-49.1067,RIO DO POUSO 
-28.3258,-49.1792,SAO LUDGERO I 
-28.2833,-49.9333,SAO JOAQUIM 
-28.7506,-49.4731,FORQUILHINHA 
-28.1833,-49.2167,GRAO PARA 
-28.5322,-49.3150,URUSSANGA 
-28.2744,-49.9306,SAO JOAQUIM 
-28.8350,-49.8378,TIMBE DO SUL 
-28.0072,-49.5922,URUBICI 
-28.9419,-49.7019,TURVO 
-28.6194,-51.8667,PASSO MIGLIAVACA 
-28.6500,-49.1500,MORRO DA FUMACA 
-28.7217,-49.3033,ICARA 
-28.4347,-49.1822,PEDRAS GRANDES 
-28.9333,-52.5833,ARMAZEM 
-28.2258,-52.4033,PASSO FUNDO 
-28.4561,-53.9717,CONCEICAO 
-28.6244,-53.6117,CRUZ ALTA 
-28.3667,-53.9167,IJUI 
-28.7333,-53.1500,PASSO DO LAGOAO 
-28.4000,-54.9667,SAO LUIZ GONZAGA 
-28.8333,-52.4333,SOLEDADE 
-28.6578,-53.6058,ANDERSON CLAYTON 
-28.6500,-56.0000,SAO BORJA 
-28.6664,-55.9797,PASSO SAO BORJA 
-29.1958,-49.9633,PRAIA GRANDE 
-29.0458,-49.6067,SOMBRIO 
-29.4167,-49.9000,PORTO GUERREIRO 
-29.6167,-50.9167,ARARICA 
-29.0500,-50.1500,CAMBARA DO SUL 
-29.4000,-50.5833,CAPAO DOS COXOS 
-29.6500,-50.1167,LAGOA DOS QUADROS 
-29.1500,-51.5167,BENTO GONCALVES 
-29.3667,-50.8500,POVOADO AVENIDA 
-29.4167,-50.9000,RENANIA 
-29.4833,-50.7833,SANDER 
-29.9667,-50.1167,TRAMANDAI 
-29.5833,-51.3667,CAI 
-29.5167,-51.9833,ESTRELA 
-29.4500,-51.3000,FELIZ 
-29.4667,-51.9667,LAJEADO 
-29.3350,-51.1903,NOVA PALMIRA 
-29.8200,-51.1611,SAPUCAIA DO SUL 
-29.6333,-51.0000,TOCA 
-29.6667,-50.7833,TAQUARA 
-28.6167,-56.0333,PASSO SAO BORJA 
-29.8508,-50.9103,MORUNGAVA 
-29.9514,-51.6283,CHARQUEADAS 
-29.6833,-51.0333,CAMPO BOM 
-29.0406,-52.2847,SAO JOSE DO HERVAL 
-29.7242,-53.7200,SANTA MARIA 
-29.4167,-53.0333,SOBRADINHO 
-29.0856,-53.8192,TUPANCIRETA 
-29.8533,-57.1072,CABANHA ALCEU NEVES 
-29.1833,-54.8667,SANTIAGO 
-29.1867,-54.8558,SANTIAGO 
-29.1275,-56.5625,ITAQUI 
-29.7500,-57.0833,URUGUAIANA 
-29.6694,-52.7903,CANDELARIA 
-30.8167,-51.8642,BARRAGEM DO DURO 
-30.8500,-51.8000,CAMAQUA 
-30.0897,-51.6306,GUAIBA COUNTRY CLUB 
-30.0536,-51.1733,PORTO ALEGRE 
-30.0667,-51.2167,PORTO ALEGRE (STA TERESA-839) 
-30.5436,-52.5236,ENCRUZILHADA DO SUL 
-30.5167,-53.4833,CACAPAVA DO SUL 
-30.5194,-53.4917,CACAPAVA DO SUL 
-30.9781,-54.6758,DOM PEDRITO 
-30.2469,-54.9175,ROSARIO DO SUL 
-30.3333,-54.3167,SANTA MARGARIDA 
-30.3333,-54.3000,SAO GABRIEL 
-30.2133,-57.5533,BARRA DO QUARAI 
-31.4044,-52.6733,CANGUCU 
-31.8797,-52.8103,PEDRO OSORIO 
-31.3047,-54.1197,BAGE 
-32.0333,-52.1000,BARRA DO RIO GRANDE 
-33.5325,-53.3494,SANTA VITORIA DO PALMAR 
1.83330,-61.1333,CARACARAI 
-32.6167,-53.3667,JAGUARAO 
0.700000,-51.4500,PORTO PLATON 
3.84360,-51.8375,OIAPOQUE 
-4.38330,-70.0333,BENJAMIN CONSTANT 
-7.53330,-46.0333,BALSAS 
-7.98330,-35.0500,SAO LOURENCO DA MATA (RFN) 
-7.33330,-47.4667,CAROLINA 
-2.63330,-54.9500,BELTERRA 
-3.12080,-40.8208,GRANJA 
-1.90140,-55.5186,OBIDOS 
-4.16280,-44.1658,COROATA 
-18.4161,-49.1108,UHE ITUMBIARA BARRAMENTO 
-19.8786,-47.3547,LAGOA 
-18.9883,-48.1903,FAZENDA LETREIRO 
-23.6333,-46.4500,JARDIM RODOLFO PIRANI 
-23.7333,-46.7833,SITIO DR. AUGUSTO 
-23.5000,-46.7167,ETT - PIRITUBA 
-23.4833,-46.4667,CUMBICA 
-23.7167,-46.4667,RIBEIRAO PIRES 
-23.9500,-46.2333,PREDIAL 
-23.7500,-46.4833,RIBEIRAO DA ONCA 
-23.7167,-46.5500,SAO BERNARDO DO CAMPO 
-23.7333,-46.7833,EMBU-MIRIM 
-23.7000,-46.4500,JARDIM PRIMAVERA 
-23.7667,-46.5833,RIBEIRAO SIMOES 
-23.7000,-46.5000,ETT - SUL 
-26.5000,-48.8833,GUAMIRANGA 
-28.0508,-49.1186,SANTA ROSA DE LIMA 
-3.63330,-41.1500,SITIO VAMBIRA 
-3.55360,-43.8736,IGUARA 
-3.63250,-44.3764,CANTANHEDE 
-4.22640,-44.8386,BAMBU BR-316 
-3.51670,-40.6167,VARZEA DA VOLTA 
-2.27390,-45.2711,SANTA HELENA 
-2.25000,-49.5000,CAMETA 
-2.63330,-56.7333,PARINTINS 
-3.81640,-38.5792,MONDUBIM 
-3.03330,-40.6667,PARAZINHO 
-3.73330,-43.3500,CHAPADINHA 
-3.21420,-52.2131,ALTAMIRA 
-4.26670,-38.9333,GUARAMIRANGA 
-3.01000,-47.3433,PARAGOMINAS 
-3.23330,-45.6167,ZEDOCA 
-4.85000,-39.5667,MADALENA 
-4.83330,-43.3500,CAXIAS 
-5.76670,-35.2000,NATAL 
-5.61670,-36.8333,ACUDE PATAXO 
-5.53330,-35.8167,JOAO CAMARA (BAIXA VERDE) 
-10.4667,-41.2500,UPAMIRIM 
-11.0333,-43.0667,FAZENDA SAO FRANCISCO 
-11.0167,-44.5333,PEQUI 
-16.1667,-42.2667,SALINAS 
-13.9036,-42.8450,MATINA 
-14.4256,-41.4681,ARACATU 
-19.3333,-40.1000,FAZENDA TIRA TEIMA (CEPEC) 
-19.9167,-43.9000,INSTITUTO AGRONOMICO 
-19.9333,-43.9333,AVENIDA DO CONTORNO 
-19.7333,-44.0833,USINA SANTO ANDRE 
-19.6000,-43.2000,PICARRAO 
-5.36560,-49.1250,MARABA 
-6.96670,-35.7000,AREIA 
-6.38330,-37.0667,ACUDE MUNDO NOVO 
-6.75000,-38.9667,LAVRAS DA MANGABEIRA 
-6.36670,-39.3000,IGUATU 
-7.02940,-35.4681,MULUNGU 
-7.78330,-35.3667,BUENOS AIRES 
-7.10000,-34.8667,JOAO PESSOA 
-7.58330,-35.3333,CRUANJI 
-6.31670,-39.3500,BARREIRAS DOS PARAIBANOS 
-7.71670,-37.8667,QUIXABA 
-7.98330,-38.6333,BOM NOME 
-7.21670,-39.3000,AEROPORTO (JUAZ. DO NORTE) 
-7.36670,-41.1333,JAICOS 
-7.08140,-44.8125,SAO FELIX DE BALSAS 
-7.31670,-38.7667,MARARUPA 
-20.5500,-44.6333,CARMOPOLIS DE MINAS 
-21.7167,-41.3667,BARRA DO MURIAE 
-8.83330,-35.2000,BARREIROS 
-8.01670,-35.7000,CUMARU (MALHADINHA) 
-21.2500,-43.6667,FAZENDA LUIZ LOSCHI 
-22.9067,-42.7319,MANUEL RIBEIRO 
-8.00000,-35.3000,GLORIA DE GOITA 
-22.8000,-43.3000,RESIDENCIA DE VIGARIO GERAL 
-22.7500,-43.2500,CANAL SARAPUI 
-22.9000,-43.2167,SAO CRISTOVAO (AV. PEDRO II) 
-22.9000,-43.2000,PRACA BARAO DE CORUMBA 
-22.9000,-43.1667,ARSENAL DE MARINHA 
-8.66670,-35.7167,USINA CATENDE (IAA) 
-8.00000,-35.2908,GLORIA DO GOITA 
-23.0258,-44.5181,VILA MAMBUCABA 
-22.5833,-41.9833,BARRA DE SAO JOAO 
-3.53330,-39.5833,SANTO AMARO 
-4.65000,-37.8333,ELEVATORIO - COGERH 
-4.35000,-39.3000,CANINDE 
-8.63330,-40.2333,JUTAI (JATOBA DE STA. BARBARA) 
-9.45000,-36.3833,MAR VERMELHO 
-9.38330,-40.5000,PETROLINA 
-9.16670,-36.0500,UNIAO DOS PALMARES 
-9.75250,-37.4467,PAO DE ACUCAR 
-9.01670,-42.6833,SAO RAIMUNDO NONATO 
-10.1833,-36.8333,PORTO REAL DO COLEGIO 
-11.1667,-40.5167,JACOBINA 
-20.3333,-41.1167,USINA SAO MIGUEL 
-12.7833,-38.3833,SIMOES FILHO (SABA) 
-5.25720,-36.7233,PENDENCIAS 
-12.9114,-38.3336,SALVADOR (DOIS DE JULHO) (SBSV) 
-12.8000,-38.4000,FAZENDA ALTO DO MAURICIO 
-5.21940,-37.3622,MOSSORO 
-5.20140,-39.2917,QUIXERAMOBIM 
-13.0075,-41.3700,USINA MUCUGE 
-8.76670,-63.9167,PORTO VELHO 
-12.1347,-45.1042,FAZENDA REDENCAO 
-6.08530,-35.2486,ENGENHO OLHO D'AGUA 
-6.45110,-37.0906,CAICO 
-14.7894,-39.0514,ILHEUS 
-14.6333,-39.1167,PROVISAO 
-15.1333,-42.9167,MONTE AZUL (VFFLB) 
-15.9500,-44.8667,SAO FRANCISCO 
-15.4833,-44.3667,JANUARIA 
-15.7900,-47.9228,BRASILIA 
-15.8544,-48.9658,PIRENOPOLIS 
-15.5967,-48.0431,FAZENDA SANTA ELISA 
-15.8914,-52.2278,BARRA DO GARCAS 
-16.1667,-42.2833,SALINAS 
-15.7756,-43.2797,JANAUBA 
-16.0000,-41.2833,PEDRA AZUL (FORTALEZA) 
-17.4667,-41.8833,NOVO CRUZEIRO (EFBM) 
-17.3522,-44.9594,BURITIZEIRO 
-18.8333,-41.9333,GOVERNADOR VALADARES 
-18.4125,-46.4222,PRESIDENTE OLEGARIO 
-6.81670,-38.9667,IBOREPI 
-18.4167,-49.2000,ITUMBIARA 
-18.9100,-54.8322,RIO VERDE DE MATO GROSSO 
-19.6922,-40.3981,CAVALINHO 
-19.4000,-40.0667,ESFIP 
-19.4000,-40.5167,MARILANDIA (COLATINA) 
-19.3431,-41.2461,RESPLENDOR - JUSANTE 
-19.7000,-42.0667,CARATINGA 
-19.5167,-43.7500,FABRICA SAO VICENTE 
-19.9167,-43.9000,INSTITUTO AGRONOMICO 
-19.9167,-43.9000,INSTITUTO AGRONOMICO 
-19.9733,-44.1881,BETIM - COPASA 
-19.6636,-51.1908,PARANAIBA 
-19.5422,-49.4831,CAMPINA VERDE 
-19.9333,-43.9500,ESTACAO EXPERIMENTAL 
-20.2000,-42.1833,SAO PEDRO DO AVAI 
-20.2614,-40.4792,DUAS BOCAS (DNOS) 
-20.2833,-40.2333,PORTO DO TUBARAO 
-20.2833,-40.3000,VITORIA (ESCOLA DE ENGENHARIA) 
-20.6056,-41.1997,CASTELO 
-20.3522,-41.2394,CONCEICAO DO CASTELO (DNOS) 
-10.4667,-36.5000,ITAPICURU 
-12.2667,-38.9667,FEIRA DE SANTANA (COL.AVICOLA) 
-12.5833,-38.9500,FAZENDA OPALMA 
-13.0167,-38.4833,SALVADOR (ONDINA) 
-13.8083,-39.1675,ITUBERA (FIRESTONE) 
-21.7533,-41.3003,CAMPOS - PONTE MUNICIPAL 
-21.9500,-41.5833,ELESBAO 
-21.4500,-43.5500,SANTOS DUMONT 
-21.7672,-43.3136,JUIZ DE FORA 
-10.2667,-36.9000,CEDRO DE SAO JOAO 
-17.6500,-39.2333,PONTA DA AREIA (EFBM) 
-8.03330,-34.9000,RECIFE (CENTRAL) (RFN) 
-22.2833,-42.5333,NOVA FRIBURGO 
-22.4283,-42.8008,FAZENDA COQUEIRO 
-22.1578,-43.2850,PARAIBA DO SUL 
-22.9333,-43.1000,NITEROI 
-22.8833,-43.2833,BOCA DO MATO (RUA JOSE BONIFACIO) 
-22.8000,-43.3167,JARDIM AMERICA (GR. ESCOTEIROS) 
-22.9486,-43.0661,ILHA DO MODESTO 
-22.7333,-45.6500,ALTO DA SERRA 
-22.9167,-45.9667,SAO FRANCISCO XAVIER 
-22.1167,-45.0500,SAO LOURENCO (INMET) 
-22.2500,-46.0333,CONGONHAL (DNER) 
-22.4667,-47.4000,CORDEIROPOLIS 
-22.9333,-47.2500,BAIRRO PAVIOLI 
-22.5167,-48.5333,USINA BARRA BONITA (CESP) 
-3.76030,-49.6667,TUCURUI 
-23.4719,-45.2681,BAIRRO ALTO 
-23.8167,-45.3500,UHE DA AGUA BRANCA 
-23.5667,-45.4500,ALTO DA SERRA 
-23.1167,-46.9333,CORRUPIRA (CPEF) 
-23.3333,-46.6833,FRANCO DA ROCHA (HOSP. JUQUERI) 
-23.4500,-46.6167,CANTAREIRA (SABESP) 
-23.5000,-46.6167,SANTANA 
-23.5833,-46.6500,INSTITUTO BIOLOGICO 
-23.6500,-46.6333,OBSERVATORIO DO IAG 
-23.1864,-46.8767,JUNDIAI 
-23.5000,-46.6167,SAO PAULO (MIRANTE SANTANA) 
-23.4500,-46.9000,ETT - EDGARD DE SOUZA 
-23.7500,-46.4333,ITAGUACU DA SERRA P12-021 
-23.4333,-46.4833,CUMBICA (FAB) 
-23.7000,-46.4833,SERTAOZINHO 
-23.0500,-46.6500,RIBEIRAO 
-23.5667,-46.6667,SAO PAULO (AV. PAULISTA) 
-23.2667,-47.1167,FAZENDA PINHAL 
-23.1000,-48.9167,AVARE 
-23.5000,-51.5333,APUCARANA (FAZENDA UBATUBA) 
-23.4839,-51.9056,VALE AZUL (EST. JAGUARAUNA KM18) 
-24.4000,-47.9500,FAZENDA AREADO 
-24.5167,-48.8500,APIAI 
-24.3333,-51.8333,FAZENDA CORUMBATAI 
-25.3000,-49.2333,COLOMBO 
-25.4167,-49.1333,PIRAQUARA - FACULDADE AGRONOMIA UFP 
-25.5333,-54.6000,FOZ DO IGUACU 
-26.9217,-48.8392,ILHOTA - JUSANTE 
-14.2700,-42.2578,IBIASSUCE (SAO SEBASTIAO) 
-26.8297,-49.2719,TIMBO NOVO 
-26.4650,-53.4536,SAO JOSE DO CEDRO 
-27.3186,-48.5631,GOVERNADOR CELSO RAMOS 
-28.5167,-50.9500,VACARIA 
-27.0972,-50.0339,BARRAGEM OESTE 
-28.8833,-49.5167,ARARANGUA 
-28.6686,-50.4419,BOM JESUS 
-28.1833,-51.5333,LAGOA VERMELHA I 
-29.3447,-49.7281,TORRES 
-29.5911,-50.0336,TERRA DE AREIA 
-32.2372,-53.0897,ARROIO GRANDE 
0.0450000,-51.1097,MACAPA 
-1.66670,-45.3667,TURIACU 
-0.116700,-67.0000,SAO GABRIEL DA CACHOEIRA 
-1.43500,-48.4378,BELEM 
-1.35000,-47.9667,BOA VISTA 
-1.66720,-47.4964,COLONIA SANTO ANTONIO 
-1.55170,-47.1172,OUREM 
-1.75000,-52.2333,PORTO DE MOZ 
-1.75030,-48.8669,ABAETETUBA 
-1.68000,-50.4781,BREVES 
-2.78500,-49.6694,BAIAO 
-2.58670,-51.9481,SENADOR JOSE PORFIRIO 
-8.07940,-34.9036,RECIFE / AFOGADOS 
-2.44310,-54.7075,SANTAREM 
-2.00220,-54.0764,MONTE ALEGRE 
-2.15220,-56.0875,JURUTI 
-3.99890,-38.9436,SAO VICENTE (PONTE BR-020) 
-3.75000,-38.6833,CAUCAIA 
-3.81670,-38.5333,CASTELAO 
-3.78330,-38.4667,FUND.MA.NILVA(AGUA FRIA) 
-3.83330,-38.4667,MESSEJANA 
-3.73330,-38.5667,FUNCEME 
-3.36330,-39.8294,AMONTADA 
-3.15000,-40.1500,MARCO 
-3.81670,-40.2000,FAZENDA CACIMBINHA 
-3.56420,-41.0942,VICOSA DO CEARA 
-3.56670,-44.5833,MIRANDA 
-3.40060,-57.7156,MAUES 
-3.88470,-59.0897,NOVA OLINDA DO NORTE 
-3.57640,-59.1339,AUTAZES 
-8.03330,-34.8833,RECIFE (CAXANGA) 
-4.98330,-39.0667,ACUDE CEDRO 
-4.86670,-43.3500,CAXIAS 
-4.56060,-45.1256,LAGO DA PEDRA 
-4.92080,-49.0686,NOVA IPIXUNA 
-27.8083,-50.3283,LAGES 
-5.63330,-36.9333,ACUDE MENDUBIM 
-5.64360,-37.2553,UPANEMA 
-5.10000,-38.3833,MORADA NOVA 
-5.10000,-38.3667,MORADA NOVA 
-5.20000,-39.2833,QUIXERAMOBIM 
-5.13330,-39.7167,BOA VIAGEM 
-5.45000,-39.7167,PEDRA BRANCA 
-5.21080,-40.7036,AEROPORTO (CRATEUS) 
-5.11670,-40.7167,MORRO ALEGRE 
-5.33330,-41.5667,CASTELO DO PIAUI (MARVAO) 
-5.81670,-41.9667,SANTA CRUZ DOS MILAGRES 
-5.08330,-42.8167,TERESINA 
-5.08780,-42.7992,TERESINA - CHESF 
-5.97560,-43.0617,PALMEIRAIS 
-5.50000,-45.2167,BARRA DO CORDA 
-5.50000,-45.2500,BARRA DO CORDA 
-5.81670,-46.1333,GRAJAU 
-5.53500,-47.4783,IMPERATRIZ 
-5.64830,-48.1250,ARAGUATINS 
-5.25970,-48.2069,SAO SEBASTIAO DO TOCANTINS 
-5.81670,-61.3000,MANICORE 
-6.31670,-35.1833,GOIANINHA 
-6.02750,-44.2539,COLINAS 
-6.48330,-37.0667,ACUDE ITANS 
-6.40000,-38.9500,LIMA CAMPOS 
-6.10000,-37.6333,PATU 
-6.95000,-38.9667,AURORA 
-6.40890,-38.8636,ICO 
-6.66670,-41.7000,INHUMA 
-6.97330,-42.1061,FAZENDA TALHADA 
-6.41310,-48.5333,XAMBIOA 
-7.11670,-34.8833,JOAO PESSOA 
-7.13330,-34.8833,JOAO PESSOA 
-7.10000,-35.2333,SAPE 
-7.85000,-35.2500,CARPINA (FLORESTA DOS LEOES) 
-7.21670,-35.8667,CAMPINA GRANDE 
-7.80000,-35.5833,BOM JARDIM 
-7.56670,-35.0000,GOIANA 
-7.93330,-35.6500,PASSIRA 
-7.56670,-35.0000,GOIANA CAMPO EXPERIMENTAL 
-7.86670,-35.4667,LIMOEIRO 
-7.96670,-35.0667,USINA TIUMA (IAA) 
-7.75000,-35.2333,NAZARE DA MATA 
-7.84280,-35.1825,CARPINA 
-7.06670,-36.5833,JUAZEIRINHO 
-7.91670,-36.8667,CAMALAU 
-7.08330,-37.4500,SANTA TERESINHA 
-7.80000,-37.8167,CARNAIBA 
-7.91670,-37.5167,IRAJAI 
-7.86670,-38.7833,SAO JOSE DO BELMONTE 
-7.23330,-39.4000,CRATO 
-7.23330,-39.4167,LAMEIRO 
-7.75000,-40.2500,TRINDADE (ESPIRITO SANTO) 
-7.06670,-40.3667,CAMPOS SALES 
-7.86670,-40.1500,ACUDE ENGENHEIRO CAMACHO 
-7.23330,-44.5500,URUCUI 
-7.71470,-47.3150,GOIATINS 
-7.33330,-47.4667,CAROLINA 
-7.15440,-48.6031,MURICILANDIA 
-7.20000,-48.2000,ARAGUAINA - ENGOPA 
-7.09860,-49.9597,XINGUARA 
-7.25000,-64.8333,LABREA 
-7.25000,-64.7833,LABREA 
-7.61110,-72.6811,CRUZEIRO DO SUL 
-8.01670,-34.8500,OLINDA 
-8.11670,-34.9333,RECIFE (IBURA) 
-8.06670,-35.3833,APOTI (DUARTE DIAS) 
-8.41670,-35.6667,BARRA DO GUABIRABA 
-8.46670,-35.5500,CORTES 
-8.30000,-35.3667,ENGENHO TABOCAS 
-8.00000,-35.2167,CHA DE ALEGRIA 
-8.11670,-35.0833,MORENO 
-8.35000,-35.0500,ENGENHO TABATINGA 
-8.05000,-35.1000,NOSSA SENHORA DA LUZ 
-8.15000,-35.3833,POMBOS (SAO JOSE DOS POMBOS) 
-8.66670,-35.1500,RIO FORMOSO 
-7.99860,-35.0319,SAO LOURENCO DA MATA II 
-8.78330,-36.6333,CAETES 
-8.10000,-35.8667,SITIO BARRIGUDA 
-8.00000,-35.0167,USINA CAPIBARIBE (IAA) 
-8.91670,-35.7167,COLONIA LEOPOLDINA 
-8.81670,-36.0500,QUIPAPA 
-8.30280,-36.0108,CARUARU 
-8.48330,-36.0833,ALTINHO 
-8.86670,-36.2000,CANHOTINHO (DNOS) 
-8.70000,-36.4500,JUCATI (PINDORAMA) 
-8.71670,-36.1333,JUREMA 
-8.18330,-36.7000,POCAO 
-8.36560,-36.5603,SANHARO 
-8.48330,-36.5333,SAPO QUEIMADO 
-8.43330,-37.4167,MODERNA 
-23.5500,-46.6500,SAO PAULO (ESCOLA NORMAL) 
-8.06670,-39.1167,SALGUEIRO 
-8.60640,-38.5786,FLORESTA 
-8.50000,-39.3167,CABROBO 
-8.38330,-39.8833,FAZENDA RODRIGUES 
-8.61670,-39.6000,OROCO 
-8.18330,-40.0500,MATIAS 
-8.13330,-41.1500,PAULISTANA 
-8.36670,-42.2500,SAO JOAO DO PIAUI 
-8.43330,-43.8667,MALHADINHA 
-8.05280,-48.4817,COLINAS DO TOCANTINS 
-8.28330,-49.2500,CONCEICAO DO ARAGUAIA 
-8.04390,-50.0006,REDENCAO 
-8.71670,-67.3833,STA MARIA DA BOCA DO ACRE 
-8.73560,-67.4003,BOCA DO ACRE 
-8.16360,-70.3564,FEIJO 
-9.46670,-35.8500,LOURENCO DE ALBUQUERQUE (RFN) 
-9.55110,-35.7700,MACEIO (Tabuleiro) 
-9.56670,-35.7833,MACEIO 
-9.66670,-35.7167,MACEIO 
-9.16670,-35.5167,MATRIZ DE CAMARAGIBE 
-9.13330,-35.7333,FAZENDA BOA ESCOLHA 
-9.48330,-35.8333,RIO LARGO 
-9.58330,-35.8167,SATUBA 
-9.46750,-35.8564,FAZENDA BOA FORTUNA 
-9.03330,-36.4167,POCO COMPRIDO 
-9.45000,-36.2000,PINDOBA (DNOS) 
-9.86670,-36.1500,USINA CANSANCAO DO SINIMBU 
-9.30220,-36.4728,QUEBRANGULO 
-9.16670,-36.2167,SANTANA DO MUNDAU 
-9.75000,-36.6500,ARAPIRACA 
-9.21670,-37.2833,POCO DAS TRINCHEIRAS 
-9.73330,-37.4333,PAO DE ACUCAR 
-9.65000,-37.7667,PIRANHAS 
-9.10560,-37.1317,AGUAS BELAS 
-9.10000,-38.1500,TACARATU 
-9.41670,-40.5000,JUAZEIRO 
-9.40560,-40.5033,JUAZEIRO 
-9.28330,-43.3167,ACUDE CARACOL 
-9.83330,-45.3500,GILBUES 
-9.10000,-45.9333,ALTO PARNAIBA 
-9.11310,-45.9261,ALTO PARNAIBA 
-10.0306,-51.1219,VILA RICA 
-9.06670,-44.3500,BOM JESUS 
-9.56640,-57.3947,NOVO PLANETA 
-9.91330,-58.5642,COTRIGUACU 
-9.88720,-62.9878,FAZENDA RIO BRANCO 
-9.97580,-67.8000,RIO BRANCO 
-10.9167,-37.0500,ARACAJU 
-10.5500,-37.6333,MOCAMBO 
-10.2167,-37.4167,NOSSA SENHORA DA GLORIA 
-10.0667,-38.3500,JEREMOABO 
-10.8233,-38.5458,RIBEIRA DO POMBAL (POMBAL) 
-10.9742,-39.6328,QUEIMADAS 
-10.4500,-40.1833,SENHOR DO BONFIM (VFFLB) 
-10.4542,-41.2056,DELFINO 
-10.7119,-43.6328,BURITIRAMA 
-10.7167,-48.4167,PALMAS 
-10.4500,-45.1500,CORRENTE 
-11.0333,-38.4333,RIBEIRA DO AMPARO 
-11.9833,-38.9000,FAZENDA JACU 
-11.1014,-38.5242,CIPO 
-11.6500,-39.0000,SERRINHA (FABA) 
-11.0981,-38.5131,CIPO 
-11.2042,-40.4842,JACOBINA 
-11.2500,-40.9167,VARZEA NOVA 
-11.5475,-41.1514,MORRO DO CHAPEU 83184 
-11.7667,-41.8833,BARRO ALTO 
-11.3000,-41.8667,IRECE 
-11.0847,-43.1386,BARRA 
-11.0833,-43.1500,BARRA 
-11.1097,-43.2947,FAZENDA VARZEA FORMOSA 
-11.0478,-45.2019,FORMOSA DO RIO PRETO 
-11.7372,-49.1361,GURUPI 
-11.2531,-57.5067,JUARA 
-11.4081,-58.7186,JUINA 
-11.3389,-49.2653,DUERE 
-11.6836,-61.1922,PIMENTA BUENO 
-12.0656,-37.7186,PALAME 
-12.9500,-38.4833,SALVADOR (ITAPAGIPE) 
-12.9333,-38.5000,PITUACU 
-12.8500,-38.3167,JOANES 
-12.6272,-38.6753,SAO FRANCISCO DO CONDE 
-12.5500,-38.7000,SUBAE (SANTO AMARO) 
-12.7833,-38.3833,SIMOES FILHO (VFFLB) 
-12.8167,-38.3833,BOLANDEIRA (SAE) 
-12.9167,-38.5000,SALVADOR (AREIAL DE CIMA) 
-12.6167,-38.6167,USINA SANTA ELISA MAGALHAES 
-12.8333,-38.4333,AREAL DE VALERIA 
-12.8000,-38.4333,FAZENDA CACHOEIRINHA 
-12.7833,-38.4500,ARATU (CIMENTO ARATU) 
-12.9667,-38.5000,PITANGUEIRAS 
-12.8833,-38.4500,COBRE 
-12.8833,-38.4500,ACUDE COBRE (SAE) 
-12.2667,-38.9167,FEIRA DE SANTANA 
-12.2667,-38.9167,FEIRA DE SANTANA (US. ALGODAO) 
-12.8000,-38.4500,MAPELE 
-12.8000,-38.4500,VIUVA 
-12.7667,-39.4167,CASTRO ALVES 
-12.7167,-38.5667,QUERENTE (HORTO) (VFFLB) 
-12.8500,-38.4500,BALANCA DE PARIPE 
-12.7667,-39.5333,SANTA TEREZINHA 
-12.1333,-40.3500,MACAJUBA (CAPIVARI) 
-12.8333,-42.4333,FAZENDA COVAS 
-12.0036,-42.6283,BROTAS DE MACAUBAS 
-12.1667,-44.9833,BARREIRAS 
-12.1256,-45.8108,FAZENDA JOHA 
-12.4067,-46.4333,TAGUATINGA 
-12.4000,-46.4167,TAGUATINGA 
-12.1806,-43.2233,IBOTIRAMA 
-13.9333,-39.1000,CAMAMU 
-13.0167,-39.5833,AMARGOSA 
-13.4500,-39.9333,ITAQUARA (RFFSA) 
-13.0833,-39.5833,AMARGOSA 
-13.3672,-39.0772,VALENCA 
-13.2833,-39.8167,SANTA INES (EFN) 
-13.5967,-39.1247,NILO PECANHA 
-13.0167,-38.5167,SALVADOR - PITANGUEIRAS 
-13.6847,-39.4789,WENCESLAU GUIMARAES 
-13.5333,-40.1333,ITIRUCU 
-13.1500,-41.7833,PIATA (ANCHIETA) 
-13.5444,-42.4897,TANQUE NOVO 
-13.6433,-41.8589,LIVRAMENTO 
-13.2489,-43.4011,BOM JESUS DA LAPA 
-13.2778,-44.5589,MOCAMBO 
-13.4097,-49.1564,PORANGATU (DESCOBERTO) 
-13.2553,-43.4358,BOM JESUS DA LAPA 
-13.0661,-57.1133,NOVA MARINGA 
-13.6922,-57.8944,CAMPO NOVO DO PARECIS 
-13.7781,-59.7675,VILA ALEGRE 
-14.1333,-39.7167,IPIAU (RIO NOVO) 
-14.1708,-39.6897,IPIAU 
-14.8000,-39.2667,ITABUNA (EFIC) 
-14.6667,-39.2667,RIO DO BRACO 
-14.8761,-40.8244,VITORIA DA CONQUISTA 
-14.7564,-39.2325,CEPEC 
-14.9453,-40.9447,IGUA (ANGICOS) 
-14.7833,-39.0000,FAZENDA PROVIDENCIA 
-14.3372,-40.9089,CAETANOS 
-14.8667,-40.8333,VITORIA DA CONQUISTA 
-14.5486,-41.9403,GUAJERU (SANTA ROSA) 
-14.2000,-41.6667,BRUMADO 
-14.2000,-41.6667,BRUMADO (VFFLB) 
-14.7667,-42.6667,URANDI 
-14.3044,-43.7681,CARINHANHA 
3.37830,-59.8156,BOM FIM 
-14.2594,-43.1656,PALMAS DE MONTE ALTO 
-14.0842,-46.3711,POSSE 
-14.1347,-47.5117,ALTO PARAISO DE GOIAS 
-14.4500,-47.0458,FLORES DE GOIAS 
-14.4750,-48.4583,NIQUELANDIA 
-14.5553,-49.1394,PORTO URUACU 
-14.9333,-46.2500,FORMOSO 
-14.6722,-52.3547,XAVANTINA 
-14.4178,-54.0494,PARANATINGA 
-14.4511,-56.8142,NORTELANDIA 
-14.8342,-56.4117,ROSARIO OESTE 
-15.3000,-39.0500,USINA UNA 
-15.4253,-39.4928,CAMACAN (VARGITO) 
-15.2875,-39.0889,SEUNA 
-15.6500,-40.0500,ITARANTIM 
-15.2333,-40.2500,ITAPETINGA (ITATINGA) 
-15.4522,-39.4467,CAMACAN (VARGITO) 
-15.4500,-39.6500,PAU BRASIL 
-15.4167,-39.5000,CAMACAN 
-15.2500,-40.2500,ITAPETINGA (ITATINGA) 
-15.4833,-44.3667,JANUARIA 
-15.2950,-45.6267,GAUCHOS 
-15.7500,-43.0167,PORTEIRINHA 
-15.0500,-44.0167,MOCAMBINHO (RURALMINAS) 
-15.0833,-44.1000,ITACARAMBI 
-15.9494,-44.8681,SAO FRANCISCO 
-15.9000,-46.0500,ARINOS 
-15.4000,-44.3667,JANUARIA 
-15.9244,-46.1097,ARINOS - MONTANTE 
-15.5833,-47.7000,CPAC - PRINCIPAL 
-15.0225,-44.0536,FAZENDA CANADA 
-15.5489,-47.3381,FORMOSA 
-15.8414,-47.9086,ETE SUL 
-15.7433,-47.8772,ETE NORTE 
-15.6531,-47.8789,CONTAGEM 
-15.8058,-47.9981,JOCKEY CLUB 
-15.9333,-47.8833,RONCADOR 
-15.6711,-48.2219,BRAZLANDIA (QUADRA 18) 
-15.8500,-48.9500,PIRENOPOLIS 
-16.0244,-48.0978,GAMA ETE ALAGADO 
-15.7803,-48.2303,DESCOBERTO 
-15.8858,-48.0436,ETE RIACHO FUNDO-GM-3 
-15.9333,-48.1333,UEPAE 
-15.7414,-48.3056,AGUAS LINDAS 
-15.2753,-49.5519,CERES 
-15.9675,-47.4764,CORREGO LAMARAO 
-15.7833,-47.9333,BRASILIA (NUCLEO BANDEIRANTE) 
-15.8333,-54.3833,POXOREO 
-15.4689,-55.7289,CHAPADA DOS GUIMARAES 
-3.89780,-61.3747,BERURI 
-15.6217,-56.1083,CUIABA 
-15.6000,-56.1000,COXIPO DA PONTE 
-15.6989,-56.1336,SANTA EDWIGES 
-15.2156,-59.3536,PONTES E LACERDA 
-16.2667,-39.0333,SANTA CRUZ CABRALIA 
-15.9394,-50.1406,GOIAS 
-16.0667,-39.6000,ITAJIMIRIM 
-15.6353,-56.0958,SECO (FAZENDA SECO) 
-15.9017,-52.2447,ARAGARCAS 
-15.4961,-49.6908,URUANA 
-16.1833,-40.7167,ALMENARA 
-16.8667,-42.0667,ARACUAI 
-16.4500,-39.0667,PORTO SEGURO 
-16.8667,-42.0833,ARACUAI 
-16.4833,-43.5000,FRANCISCO SA 
-16.1111,-43.8536,BOM JARDIM 
-16.1203,-40.7394,FAZENDA CAJUEIRO 
-16.5906,-42.9186,GRAO MOGOL 
-16.5683,-41.5031,ITAOBIM 
-16.0000,-41.2833,PEDRA AZUL 
-16.7333,-43.8667,MONTES CLAROS 
-16.6894,-41.4983,SAO JOAO GRANDE 
-16.7167,-43.8667,MONTES CLAROS 
-16.0878,-39.2156,EGREB 
-16.3667,-45.0667,SAO ROMAO 
-16.3667,-46.8833,UNAI 
-16.2500,-47.9500,LUZIANIA 
-16.7569,-47.6056,CRISTALINA 
-16.1558,-47.9367,MINGONE 
-16.2500,-47.9500,LUZIANIA 
-16.0833,-48.5083,PONTE ANAPOLIS - BRASILIA 
-16.3333,-48.9667,ANAPOLIS 
-16.8031,-49.9286,PALMEIRAS DE GOIAS 
-16.3667,-45.0667,SAO ROMAO 
-16.6667,-49.2667,GOIANIA - AGRONOMIA 
-16.3514,-46.8897,UNAI 
-16.6736,-49.2639,GOIANIA 
-16.9494,-51.8106,CAIAPONIA 
-16.2014,-52.5500,TORIXOREU 
-16.3528,-53.7608,GUIRATINGA 
-16.4714,-54.6567,RONDONOPOLIS 
-16.4667,-54.6333,RONDONOPOLIS (DNOS) 
-16.1936,-55.9453,BARAO DE MELGACO 
-16.0500,-57.6833,CACERES 
-17.3503,-39.2200,PRADO 
-17.0450,-39.5447,ITAMARAJU 
-17.8375,-40.3772,NANUQUE - MONTANTE 
-17.6294,-41.7372,LADAINHA (EFBM) 
-17.6917,-42.5261,CAPELINHA 
-3.10000,-59.9944,CPRM - SUREG/MA 
-17.3639,-44.9483,PIRAPORA - BARREIRO 
-17.3667,-44.9500,PIRAPORA 
-17.2000,-46.8833,PARACATU 
-17.0728,-41.4831,PADRE PARAISO 
-17.1000,-42.5333,CHAPADA 
-17.0333,-42.3500,FRANCISCO BADARO (EFBM) 
-17.8456,-42.0756,MALACACHETA 
-17.2000,-44.8167,GUAICUI 
-17.5667,-52.5500,MINEIROS 
-17.3333,-48.2500,PIRES DO RIO 
-17.3414,-49.9303,EDEIA (ALEGRETE) 
-17.8333,-50.9333,RIO VERDE 
-17.9167,-51.7500,PONTE RIO CLARO 
-17.9231,-51.7167,JATAI 
-17.5794,-52.6014,PONTE DO CEDRO 
-17.3000,-53.2194,ALTO ARAGUAIA 
-17.5869,-54.7567,POSTO CORRENTES (MT-163) 
-16.9489,-50.4469,PARAUNA 
-17.7328,-49.1153,MORRINHOS 
-18.2994,-39.9586,MORRO D'ANTA (PEDRO CANARIO) 
-18.7167,-40.4167,NOVA VENECIA 
-18.3658,-40.8406,ECOPORANGA 
-18.7006,-40.4419,CORREGO DA BOA ESPERANCA 
-18.5647,-40.3367,SAO JOAO DA CACHOEIRA GRANDE 
-18.6936,-40.8828,BARRA DO RIO PRETO 
-18.8333,-41.9333,GOVERNADOR VALADARES 
-18.5747,-41.9178,VILA MATIAS - MONTANTE 
-18.2386,-41.7486,CAMPANARIO 
-18.8389,-41.1103,MANTENOPOLIS 
-18.4061,-41.0400,SANTO AGOSTINHO 
-18.7667,-44.4333,CURVELO 
-18.0167,-41.7000,ITAMBACURI 
-18.8500,-41.9333,GOVERNADOR VALADARES 
-18.8831,-41.9503,GOVERNADOR VALADARES 
-18.5333,-42.6167,PECANHA 
-18.3583,-42.5956,SAO PEDRO DO SUACUI 
-18.7722,-42.9311,GUANHAES 
-18.7667,-42.9333,GUANHAES 
-18.2500,-43.6000,DIAMANTINA 
-18.7167,-39.8667,SAO MATEUS 
-18.3667,-40.8667,ECOPORANGA 
-18.7631,-41.3083,CENTRAL DE MINAS 
-18.4886,-41.3925,SAO JOSE DO DIVINO 
-18.4500,-42.2833,VIRGOLANDIA (RAMALHETE) 
-18.6500,-43.0833,SABINOPOLIS 
-18.7661,-44.4261,CURVELO 
-18.1131,-45.4658,CANOEIROS 
-18.6000,-46.5167,PATOS DE MINAS (INMET) 
-18.9300,-46.9667,CHARQUEADA DO PATROCINIO 
-18.1703,-47.9575,CATALAO 
-18.9231,-48.2886,UBERLANDIA 
-18.0050,-46.9111,VAZANTE 
-18.1667,-45.3000,UHE TRES MARIAS BARRAMENTO 
-18.9167,-48.2667,UBERLANDIA 
-8.66670,-36.3167,LAJEDO 
-18.9833,-56.6500,NHECOLANDIA 
-18.5042,-54.7556,COXIM 
-19.8744,-40.8744,ITARANA 
-19.9578,-40.1544,SANTA CRUZ - LITORAL 
-19.9369,-40.4014,FUNDAO 
-19.2203,-40.8533,PANCAS 
-19.8300,-40.2722,ARACRUZ 
-19.5886,-40.1981,JACUPEMBA 
-19.2742,-40.3208,RIO BANANAL 
-19.2953,-40.5175,SERRARIA (ALTO DO MOACIR) 
-19.5308,-40.6231,COLATINA - CORPO DE BOMBEIROS 
-19.4833,-41.0667,AIMORES 
-18.5472,-53.1353,COSTA RICA 
-19.9550,-40.7417,CALDEIRAO 
-19.6000,-40.6167,SANTA MARIA 
-19.4667,-40.6333,CACHOEIRA DO OITO 
-19.8167,-40.2500,ARACRUZ 
-19.8167,-41.4333,MUTUM 
-19.5236,-41.0142,BAIXO GUANDU 
-19.9011,-41.0581,LARANJA DA TERRA 
-19.4925,-41.1617,SAO SEBASTIAO DA ENCRUZILHADA 
-19.5333,-42.6167,CORONEL FABRICIANO 
-19.3736,-42.1050,DOM CAVATI 
-19.5167,-42.6167,ACESITA 
-19.4667,-42.5333,USIMINAS 
-19.7356,-42.1375,CARATINGA 
-19.5167,-42.6167,CORONEL FABRICIANO 
-19.5247,-42.6442,MARIO DE CARVALHO 
-19.1886,-42.4228,NAQUE VELHO 
-19.0167,-43.4442,CONCEICAO DO MATO DENTRO 
-19.8931,-43.8150,SABARA 
-19.6872,-43.9208,VESPASIANO 
-19.9167,-43.9000,INSTITUTO AGRONOMICO 
-19.6333,-43.9000,LAGOA SANTA 
-19.9119,-43.9578,CARLOS PRATES 
-19.6167,-43.2333,ITABIRA 
-19.6897,-43.5856,JOSE DE MELO 
-19.9333,-43.9500,INSTITUTO AGRONOMICO 
-19.9792,-43.8500,MINERACAO MORRO VELHO 
-19.1617,-41.8622,ITANHOMI 
-19.9006,-43.6675,CAETE 
-19.9228,-43.1778,RIO PIRACICABA 
-19.2167,-42.3333,NAQUE DO MEIO 
-19.9500,-43.9667,MUTUCA 
-19.8167,-43.9667,VENDA NOVA 
-19.9167,-43.9000,INSTITUTO AGRONOMICO 
-19.9167,-43.9000,INSTITUTO AGRONOMICO 
-19.9167,-43.9000,INSTITUTO AGRONOMICO 
-19.9167,-43.9000,INSTITUTO AGRONOMICO 
-19.9667,-43.9833,MAGNESITA 
-19.9500,-43.9833,RUA SIDERAL 
-19.5614,-43.9178,PONTE RAUL SOARES 
-19.9333,-43.9333,BELO HORIZONTE (LOURDES) 
-19.9000,-43.9167,BELO HORIZONTE (HORTO) 
-19.4833,-44.1500,PRUDENTE DE MORAIS - A 
-19.8797,-44.4217,FAZENDA ESCOLA FLORESTAL 
-19.6344,-44.0533,PEDRO LEOPOLDO 
-19.0333,-43.4333,CONCEICAO DO MATO DENTRO 
-19.9642,-44.4519,BARRO PRETO 
-19.6100,-43.1994,PONTAL 
-19.6000,-43.1833,JATOBA 
-5.78330,-35.3333,SAO GONCALO DO AMARANTE 
-6.10530,-49.3775,ELDORADO 
-26.4642,-49.0867,JARAGUA DO SUL 
-9.88720,-62.9881,SETOR CACHOEIRINHA 
-3.73330,-40.9833,TIANGUA 
-7.85470,-35.7644,SURUBIM 
-11.4408,-61.4839,VISTA ALEGRE 
-0.0500000,-51.0667,MACAPA 
-1.52640,-52.5783,ALMEIRIM 
-23.5667,-46.5833,ALTO DA MOOCA 
4.63330,-60.1833,MALOCA AILAN 
-1.80110,-53.4800,PRAINHA 
-1.46670,-48.4500,CPATU 
-1.94280,-54.7392,ALENQUER 
-2.70030,-59.6997,RIO PRETO DA EVA 
-3.61670,-45.3500,PINDARE-MIRIM 
-3.45690,-68.9119,SAO PAULO DE OLIVENCA 
-4.08940,-54.9028,RUROPOLIS PRESIDENTE MEDICI 
-8.23330,-35.7500,BEZERROS 
-8.26000,-49.2631,CONCEICAO DO ARAGUAIA 
-11.6253,-46.8106,DIANOPOLIS 
-25.8756,-50.3894,SAO MATEUS DO SUL 
-14.0764,-52.1503,AGUA BOA 
-18.5167,-40.3167,FAZENDA ALEGRIA 
-18.4333,-49.2000,ARAPORA 
-19.9450,-43.9125,CAIXA DE AREIA 
-20.3000,-40.3000,VITORIA (MARUIPE) 
-20.6650,-43.7778,CONSELHEIRO LAFAIETE 
-0.623100,-47.3536,SALINOPOLIS 
-21.2500,-43.7667,BARBACENA 
-22.9000,-46.4833,GUARIPOCABA (EBE) 
-22.8667,-47.6167,RIO DAS PEDRAS 
-23.5333,-46.6333,SAO PAULO (AGUA BRANCA) 
-4.29110,-47.5653,KM ZERO / PA-70 
-23.4167,-51.9500,MARINGA 
-24.0833,-46.6167,MONGAGUA 
-25.5833,-54.6000,PORTO MEIRA 
-28.6167,-48.8667,JAGUARUNA 
-29.7167,-51.1333,VILA SCHARLAU 
-29.8394,-57.0811,URUGUAIANA - DNER 
-2.41670,-54.7833,SANTAREM 
-4.23330,-44.7833,BACABAL 
-5.11670,-36.3167,GUAMARE 
-5.73330,-37.7833,ACUDE SANTA CRUZ DO APODI 
-5.25000,-44.5167,PRESIDENTE DUTRA 
-6.10000,-36.4667,LAGOA NOVA 
-6.76670,-43.0167,FLORIANO 
-7.83330,-34.9000,IGARASSU 
-7.66670,-35.3167,VICENCIA 
-7.11670,-36.4167,SANTA TEREZA 
-7.01670,-37.2833,PATOS II 
-7.36670,-37.1833,ITAPETIM (ITAPETINGA) 
-7.81670,-39.4833,IPUEIRA 
-8.31670,-34.9833,ENGENHO ALGODOAIS 
-8.35890,-42.2453,SAO JOAO DO PIAUI 
-9.05000,-36.5000,BREJAO 
-9.11670,-37.1167,AGUAS BELAS 
-10.2667,-37.5667,FAZENDA OLHO D'AGUA DOS PORCOS 
-10.0781,-38.3528,JEREMOABO 
-10.2203,-54.9711,ESTRADA CUIABA - SANTAREM 
-11.2667,-37.8167,ITABAIANINHA 
-12.6833,-39.1000,CRUZ DAS ALMAS (IPEAL) 
-12.5267,-40.2997,ITABERABA 
-12.3567,-40.9056,LAJEDINHO 
-12.7000,-60.0833,VILHENA 
-13.2833,-43.4167,BOM JESUS DA LAPA 
-13.4450,-56.7275,SAO JOSE DO RIO CLARO 
-15.1167,-40.1167,ITORORO (ITAPUI) 
-15.8181,-47.9450,ANA SEDE 
-16.5803,-39.7831,GUARATINGA 
-17.8500,-41.5167,TEOFILO OTONI 
-17.8000,-50.9167,RIO VERDE 
-19.8833,-40.6833,SAO JOAO DE PETROPOLIS 
-19.8333,-43.1167,JOAO MONLEVADE 
-20.8500,-41.1000,CACHOEIRO DO ITAPEMIRIM 
-20.7667,-41.4667,ALEGRE 
-21.0881,-45.5689,BOA ESPERANCA 
-22.1361,-42.3514,PONTE BERSOT 
-22.5333,-55.7167,PONTA PORA 
-23.5667,-46.7333,CTH - CIDADE UNIVERSITARIA. 
-23.6667,-46.7167,BARRAGEM GUARAPIRANGA MONTANTE 
-23.2000,-46.8833,JUNDIAI 
-23.6667,-46.4167,JARDIM ITAPEVA 
-23.5167,-46.7833,OSASCO 
-23.7000,-46.6667,PEDREIRA 
-23.6000,-46.5333,VILA EMA 
-23.4500,-46.9000,BARRAGEM EDGARD DE SOUZA JUSANTE 
-23.6139,-46.5442,PROSPERIDADE 
-25.6831,-54.4331,SALTO CATARATAS 
-26.9503,-48.7614,ITAJAI 
-27.7167,-48.5000,LAGOA DO PERI 
-28.4833,-48.8000,LAGUNA 
-28.8131,-52.5114,SOLEDADE 
-29.1083,-50.1875,CAMISAS 
-29.1942,-51.1858,CAXIAS DO SUL 
-29.1667,-51.6333,MONTE BELO 
-31.7500,-52.3500,PELOTAS 
-3.61670,-40.4833,CAMILOS 
-4.88330,-37.8667,BORGES 
-4.25000,-43.9500,TIMBIRAS 
-5.20000,-39.3000,QUIXERAMOBIM 
-5.53330,-47.4833,IMPERATRIZ 
-5.35000,-49.1500,MARABA 
-6.66670,-69.8667,EIRUNEPE 
-7.13330,-34.9833,SANTA RITA 
-7.73330,-35.4833,BIZARRA 
-7.93330,-36.3333,POCO FUNDO 
-8.01670,-35.1167,ENGENHO BELA ROSA 
-8.58330,-35.3833,GAMELEIRA 
-8.41670,-35.8500,SAO JOAQUIM DO MONTE 
-8.66670,-36.0333,PANELAS 
-8.01670,-36.0667,TORITAMA (TORRES) 
-8.10000,-37.6500,CUSTODIA 
-8.16670,-70.7667,TARAUACA (SEABRA) 
-10.7833,-37.0500,SANTO AMARO DAS BROTAS 
-12.5572,-41.3886,LENCOIS 
-2.49080,-66.0597,FONTE BOA 
-14.7894,-39.0514,ILHEUS 
-15.5850,-47.3339,RIBEIRAO SANTA RITA 
-15.6067,-56.0603,CUIABA - CAMPUS UNIVERSITARIO 
-17.7394,-39.2575,CARAVELAS 
-18.5042,-54.7347,COXIM 
-19.8733,-42.1317,SANTA RITA DE MINAS 
-20.5167,-41.8667,CAPARAO 
-20.4500,-54.6333,CAIXA DAGUA 
-21.9800,-42.3608,CANTAGALO I 
-22.3494,-42.6242,SAO LOURENCO 
-22.4167,-43.6667,VASSOURAS 
-22.5500,-47.4333,FACULDADE ENGENHARIA - UNICAMP 
-21.9333,-42.7333,BARRA DO SAO FRANCISCO 
-5.05000,-42.8167,TERESINA (SBTE) 
-23.7333,-46.5667,DEMARCHI 
-23.9667,-46.3667,JOSE MENINO 
-23.5333,-46.7500,RETIRO NORTE 
-23.5500,-46.6333,CAMBUCI 
-25.4306,-49.3678,CAMPO COMPRIDO - SE 
-26.8833,-49.1333,USINA SALTO 
-26.8333,-49.2667,TIMBO 
-27.4186,-49.6461,ITUPORANGA 
-28.7000,-51.9333,SERAFINA CORREA 
-29.4703,-52.2497,DEODORO 
0.0500000,-51.0667,MACAPA 
-8.97000,-48.1578,BOM JESUS DO TOCANTINS 
-9.82860,-36.5094,LAGOA DA CANOA 
-18.7206,-47.5244,MONTE CARMELO 
-9.41670,-40.5000,JUAZEIRO 
-10.9000,-37.0500,ARACAJU (VFFLB) 
-21.1833,-48.9167,PINDORAMA (PDV) 
-14.8667,-43.9167,MATIAS CARDOSO 
-14.4058,-56.4464,DIAMANTINO 
-23.5667,-46.6500,PARAISO 
-18.7536,-40.8936,BARRA DE SAO FRANCISCO 
-22.7333,-42.8500,ITABORAI 
-22.3325,-43.1361,PEDRO DO RIO 
-22.7333,-43.3500,FAZENDA SAO BENTO - NUC. COLONIAL 
-22.8192,-43.3442,SAO JERONIMO 
-22.8667,-43.4500,BANGU 
-22.9000,-43.1167,NITEROI (HORTO) 
-22.5333,-43.1833,PETROPOLIS (PARQUE NAC) 
-23.9500,-46.3167,SABOO 
-23.2167,-46.7833,CAMPO LIMPO PAULISTA 
-23.7500,-46.6333,BAIRRO ALVARENGA 
-23.6000,-46.3667,GUAIO 
-28.2667,-52.4000,PASSO FUNDO 
-0.967800,-62.9286,BARCELOS 
-2.88330,-41.6667,LUIZ CORREIA 
-2.53330,-44.3000,SAO LUIS 
-2.53780,-57.7581,URUCARA 
-2.53330,-66.1667,FONTE BOA 
-3.03330,-41.2333,CHAVAL 
-3.71670,-42.5500,MATIAS OLIMPIO 
-3.73330,-43.3500,CHAPADINHA 
-3.77080,-45.2183,ARATOI GRANDE 
-3.20000,-52.2167,TASA - ALTAMIRA 
-3.13750,-58.4431,ITACOATIARA 
-3.10500,-59.9564,BIF/MA-BOMBEIROS 
-3.11670,-59.9500,MANAUS 
-3.30830,-60.6094,MANACAPURU 
-3.13330,-60.0333,RESERVA FLORESTAL DUCKE - INPA 
-3.81670,-62.0833,CODAJAS 
-4.76670,-37.7667,FAZENDA JEQUI 
-4.83330,-37.7833,JAGUARUANA 
-4.93330,-37.9667,RUSSAS 
-4.91670,-38.0833,PEIXE 
-4.81670,-42.1833,CAMPO MAIOR 
-4.16720,-42.8900,MIGUEL ALVES 
-4.58330,-42.8667,UNIAO 
-4.37500,-44.3333,PIRITORO BR-316 
-4.30420,-46.4936,PONTE BR-222 
-4.28330,-55.9833,ITAITUBA 
-5.80000,-35.2167,UFRN 
-5.61670,-35.6000,TAIPU - PARTICULAR 
-5.90000,-35.7667,SAO PAULO DO POTENGI 
-5.20000,-35.4667,TOUROS 
-5.63330,-35.4333,CEARA-MIRIM 
-5.11670,-36.6333,SALINA HENRIQUE LAJES (MACAU) 
-6.28330,-38.1667,MARCELINO VIEIRA (PANATIS) 
-6.40000,-41.7500,VALENCA DO PIAUI 
-6.76190,-43.0264,BARAO DE GRAJAU 
-7.26670,-34.9000,CONDE 
-7.61670,-34.9833,GOIANA 
-7.70000,-35.6667,UMBUZEIRO 
-7.21670,-35.8667,CAMPINA GRANDE 
-7.58330,-35.2000,ALIANCA (PARAGUACU) 
-7.55000,-35.4500,MACAPARANA (DNOCS) 
-7.41670,-35.1167,ITAMBE 
-7.83330,-38.1167,TRIUNFO 
-7.16670,-38.7667,BARRO 
-7.20080,-59.8922,VILA DO APUI 
-8.05000,-34.9167,RECIFE (CURADO) 
-8.11670,-34.9333,RECIFE (IBURA) 
-8.28330,-35.9667,CARUARU 
-8.36670,-35.2333,ESCADA (RFN) 
-8.58330,-35.3833,GAMELEIRA (RFN) 
-8.68330,-35.6000,PALMARES 
-2.92000,-41.3000,SF_0847
-6.75000,-38.2300,SOUZA
-6.52000,-36.3700,PICUI
-8.38000,-35.4500,AMARAGI
-14.0500,-52.2500,
-7.43000,-34.9200,ALHANDRA
-0.100000,-67.1000,S.GAB. DO CACHOEIRA
-13.2700,-49.2000,ENTRONCAMENTO SAO MIGUEL
-21.7200,-52.4400,PORTO UERE
-23.9200,-45.4500,BURRIFAS
-15.0600,-59.8700,VILA BELA  (PCD)
-14.6300,-57.4700,TANGARA DA SERRA
-24.6500,-48.8300,ITAOCA
-26.8600,-52.0200,PONTE SERRADA
-23.8000,-46.0000,SAO LOURENCO
-5.91700,-35.2500,NATAL AEROPORTO
-2.60000,-44.2330,SAO LUIZ /AEROPORTO
-10.7167,-48.5833, Porto Nacional
-12.0500,-48.5333, Peixe
-3.08333,-41.7833, Parnaiba
-29.7091,-55.5255,ALEGRETE
-28.1270,-49.4796,BOM JARDIM DA SERRA - MORRO DA IGREJA
-12.5219,-58.2314,BRASNORTE (NOVO MUNDO)
-15.5242,-46.4356,BURITIS
-17.7056,-42.3892,CAPELINHA
-9.97060,-55.8275,CARLINDA
-19.1225,-51.7208,CASSILANDIA
-18.8022,-52.6025,CHAPADAO DO SUL
-19.9859,-48.1516,CONCEICAO DAS ALAGOAS
-15.7760,-56.0720,PADRE RICARDO REMETTER
-10.1909,-48.3018,PALMAS
-17.8598,-42.8526,Itamarandiba
-10.1286,-36.2864,CORURIPE
-18.5200,-46.4300,Patos de Minas
-23.4495,-54.1819,ITAQUIRAI
-17.7845,-46.1194,JOAO PINHEIRO
-22.8572,-54.6056,JUTI
-18.7806,-40.9865,MANTENA
-9.57640,-49.7233,MARIANOPOLIS DO TO
-10.4344,-45.9219,MATEIROS
-17.4547,-52.6011,MINEIROS
-20.3956,-56.4317,MIRANDA
-13.2535,-46.8903,MONTE ALEGRE DE GOIAS
-31.2483,-50.9064,MOSTARDAS
-13.4111,-54.7522,NOVA UBIRATA
-26.0814,-48.6417,ITAPOA
-11.8875,-49.6083,FORMOSO DO ARAGUAIA
-15.2203,-48.9900,GOIANESIA
-17.5614,-47.1992,GUARDA-MOR
-8.50940,-37.7117,IBIMIRIM
-18.5206,-46.4406,PATOS DE MINAS
-10.4769,-49.6294,PIUM
-21.1008,-41.0394,PRES. KENNEDY
-9.67970,-68.1653,RIO BRANCO
-29.8722,-52.3819,RIO PARDO
-15.7231,-42.4358,RIO PARDO DE MINAS
-16.5542,-46.8819,UNAI
-26.9387,-52.3981,XANXERE
-11.4289,-48.1850,SANTA ROSA DO TOCANTINS
-9.33860,-50.3503,SANTANA DO ARAGUAIA
-30.7506,-55.4014,SANTANA DO LIVRAMENTO
-27.8543,-53.7912,SANTO AUGUSTO
-20.9100,-47.1142,SAO SEBASTIAO DO PARAISO
-29.7022,-54.6944,SAO VICENTE DO SUL
-13.3039,-58.7633,SAPEZAL
-17.7989,-40.2500,SERRA DOS AIMORES
-16.6797,-48.6181,SILVANIA
-12.5550,-55.7228,SORRISO
-29.4492,-51.8233,TEUTONIA
-10.0772,-56.1792,ALTA FLORESTA
-23.0025,-55.3294,AMAMBAI
-20.4756,-55.7839,AQUIDAUANA
-22.9753,-42.0214,ARRAIAL DO CABO
-31.3478,-54.0133,BAGE
-13.7858,-57.8386,CAMPO NOVO DOS PARECIS
-27.3956,-53.4294,FREDERICO WESTPHALEN
-10.1908,-48.3019,PALMAS
-8.09111,-60.3806,NOVO ARIPUANA
-10.4842,-52.3725,SAO JOSE DO XINGU
-30.1861,-51.1781,PORTO ALEGRE- BELEM NOVO
-8.72972,-49.8564,SANTA MARIA DAS BARREIRAS
-1.82194,-52.1117,PORTO DE MOZ
-11.9878,-51.4261,SERRA NOVA DOURADA
-6.56194,-35.1353,CAMARATUBA
-1.04722,-46.7858,BRAGANCA
-3.51083,-52.9633,MEDICILANDIA
0.567778,-50.8236,ITAUBAL
-7.12419,-48.7813,SANTA FE DO ARAGUAIA
-10.8283,-49.8479,LAGOA DA CONFUSAO
-7.10389,-48.2011,ARAGUAINA
-11.2842,-47.2122,ALMAS
-7.44139,-44.3450,URUCUI
-16.3994,-47.6258,CRISTALINA (FAZENDA SANTA MONICA)
-3.27028,-52.3947,ALTAMIRA
-22.1939,-54.9114,DOURADOS
-18.2914,-40.7364,ECOPORANGA
-9.79336,-47.1327,RIO SONO
-2.59222,-42.7075,PREGUICAS
-12.6031,-52.1625,QUERENCIA
-2.63361,-59.6006,RIO URUBU
-2.59250,-48.3606,TOME ACU
-18.6205,-40.6062,Nova Munique
-27.2235,-52.0352,Santa Cruz
-19.5130,-43.3740,Senhora do Carmo
-18.1286,-40.3526,Palhinha
-22.8620,-43.0050,Arsenal
-22.1220,-42.7800,Volta do Piao
-24.4910,-49.2260,Centro
-24.2680,-46.9610,Parque do Trevo
-23.7760,-45.6530,Camburi
-23.7680,-45.6850,Juquehy
-23.7590,-45.7220,Juquehy2
-23.2471,-48.1958,Centro
-23.3470,-44.9400,Poruba
-26.3723,-48.7234,Centro
-27.0070,-48.5960,Barra
-27.0310,-48.6410,Rio Pequeno
-27.4320,-48.4580,Canasvieiras
-27.2164,-52.0149,Salete
-27.5806,-50.3588,Sao Pedro
-27.2782,-51.4401,Sao Sebastiao
-27.2668,-48.7679,Centro
-26.4514,-52.6899,Esperanca
-28.0529,-48.6479,Areias de Palhocinha
-28.1020,-48.6740,Campo D Una
-27.2748,-52.3403,Prefeitura Municipal
-28.2156,-49.4567,Tres Barras
-27.4830,-50.1188,Prefeitura Municipal
-27.1920,-50.1770,Volta Grande
-26.4113,-50.1432,Lagoa Seca
-1.24927,-48.4578,Ilha Outeiro
-1.16426,-48.4685,Vila Mosqueiro
-1.30874,-48.4798,Icoaraci
-3.12819,-58.1568,Centro
2.80427,-60.7395,Olimpico
-6.51951,-49.8592,Novo Brasil
-1.77100,-47.4370,Centro
-26.6802,-52.7468,Interior
-26.8210,-50.0110,Rio da Prata
-26.4539,-50.2379,Bairro Novo
-6.05570,-49.8867,Betania
-7.31050,-50.0543,POSTO ESTRATEGIA SAUDE DA FAMILIA NOEMIA GOMES DE MORAIS
-0.0412630,-51.1792,Centro
-4.70700,-55.9907,Industrial
-5.39560,-47.8114,Prefeitura Municipal
-5.55265,-47.5776,Centro Cultural
-1.53985,-45.0794,Centro
-2.89129,-41.9039,Centro
-28.0443,-49.2851,Prefeitura Municipal
-26.8922,-49.9918,Estrada Geral Rio Wildy
-26.9714,-50.0010,CEI Primeiros Passos
-26.6567,-49.9928,Rio da Anta
-26.2426,-48.6385,Centro
-1.72816,-45.1420,Prefeitura Municipal
-3.94254,-42.9247,Prefeitura Municipal
-3.63686,-45.1823,Centro
-5.81861,-44.2302,Centro
-26.3869,-48.5885,Praia do Ervino
-27.2650,-48.8340,Rua Moacir Marques
-3.00228,-60.0458,Taruma
-5.73646,-44.1608,Centro
-26.2219,-48.5011,Enseada
-2.98676,-60.0165,Santa Etelvina
-29.9240,-51.1700,Marechal Rondon
-31.7644,-52.7645,Centro
-29.9970,-51.3090,Centro
-28.3720,-54.1670,Esquina Gaucho
-29.5809,-53.4467,Centro
-29.9170,-51.0580,Morada do Vale I
-27.6493,-54.3182,Eldorado
-4.62161,-45.4558,Centro
-5.68210,-43.0910,Prefeitura Municipal
-29.8570,-51.2760,Nova Santa Rita
-31.6500,-52.3600,Sinott
-5.49528,-44.5558,Centro
-2.49785,-43.2533,Alto Formoso
-2.71773,-44.3190,Pedrinhas
-3.67095,-46.6333,Hospital Santa Teresinha
-2.06688,-44.7836,Centro
-3.97056,-45.6567,Prefeitura Municipal
-2.86660,-59.3749,Zona Rural
-8.20500,-41.0756,ACAUA
-27.6620,-53.6430,Centro
-30.4334,-55.2821,Serra do Cavera
-27.0840,-52.2853,Sao Rafael
-29.0459,-49.7113,Garuva de Cima
-3.42282,-41.8915,Centro
-27.1053,-51.2458,Centro
-27.2806,-48.7009,Porto do Itinga
-2.51739,-44.1708,EletronorteSL3
-19.8313,-54.8313,SAAE
-23.9388,-54.2914,UBS Valdir Pazzoti
-12.3886,-54.9356,Sede da Prefeitura Municipal
-10.6454,-55.7069,Centro
-14.7852,-57.2781,Boa Esperanca
-16.8063,-49.3544,Residencial Caraibas
-16.7990,-49.2770,Parque Veiga Jardim
-16.7590,-49.3390,Tamandua
-16.7630,-49.2890,Vera Cruz
-16.7930,-49.1990,Setor Vale do Sol
-17.7440,-48.6270,Prefeitura Municipal
-16.8190,-49.2550,Residencial Solar Central Park
-26.9545,-52.5297,Defesa Civil
-16.0920,-48.0300,Vale do Pedregal
-16.8400,-49.3150,Jardim Monte Sinai
-26.8394,-52.4117,Linha Barro Preto
-29.9930,-51.0660,Vila Tupa
-30.0230,-51.0510,Pirati
-29.9950,-51.0810,Americana
-29.3345,-53.0845,Taboazinho
-30.3386,-53.2702,BR290
-29.8908,-53.0043,Comunidade Tres Vendas
-29.9635,-51.0930,Rio Gravatai
-3.28200,-39.9040,Nascente
-20.6913,-55.2864,Prefeitura Municipal
-5.50800,-36.8590,Av. Luiz Gonzaga
-6.36936,-35.0070,Centro
-6.31400,-35.0440,Cunhau
-6.95052,-35.5465,Centro
-6.97300,-34.8360,Centro
-5.06526,-36.7824,Centro
-6.16197,-35.3140,Laranjeiras
-7.47800,-34.8130,Centro
-7.88538,-37.1267,MONTEIRO
-7.33611,-35.9266,QUEIMADAS
-8.62059,-35.8412,Batateiras
-6.93008,-35.7900,REMIGIO
-8.72622,-38.6899,ITACURUBA - APAC
-8.66300,-35.9046,LAGOA DOS GATOS - APAC
-7.78911,-35.0915,ARACOIABA - APAC
-7.62750,-39.5512,MOREILANDIA - APAC
-7.88839,-38.1970,JATIUCA - APAC
-8.81200,-35.9320,Centro
-8.87817,-36.3681,SAO JOAO - APAC
-8.50700,-35.8950,Barra do Riachao
-7.34566,-37.2897,BREJINHO - APAC
-8.76867,-35.3130,SAU - APAC
-10.1300,-36.1711,Vassouras
-9.82900,-35.9030,Alto da Barra
-8.44341,-35.3460,ARIPIBU - APAC
-8.61500,-37.1547,BUIQUE - APAC
-9.44265,-36.7883,ESTRELA DE ALAGOAS
-10.2924,-36.3090,Centro
-9.26676,-37.6516,INHAPI
-9.46292,-35.5589,Alto da Boa Vista
-7.41446,-35.2570,CAMUTANGA - APAC
-8.72728,-39.0944,ABARE
-13.6532,-41.2694,BARRA DA ESTIVA
-14.2086,-39.5986,Centro
-8.61158,-38.4863,FLORESTA
-9.05138,-36.8574,IATI - APAC
-7.47000,-40.2780,Serrolandia
-14.3948,-43.6796,IUIU
-12.7800,-38.9170,Centro
-7.44820,-35.2411,FERREIROS - APAC
-7.56648,-34.8579,PONTA DE PEDRA - APAC
-14.3477,-42.1854,RIO DO ANTONIO
-11.5063,-38.9481,TEOFILANDIA
-16.0281,-47.0906,Centro
-22.7047,-46.0348,Sao Mateus
-15.4298,-39.3328,Centro
-22.7940,-46.0030,camanducaia06
-19.8610,-44.1550,Icaivera
-21.2650,-42.6810,Distrito de Gloria
-21.1424,-42.7980,Rio Xopoto
-19.5545,-42.1217,Centro
-19.6220,-43.4300,Ipoema
-20.7260,-42.1470,Alvorada
-21.0092,-42.7193,Centro
-21.1520,-42.7969,Centro
-19.4393,-42.2140,Centro
-21.6720,-43.2200,Centro
-15.8816,-43.3186,JANAUBA
-22.0969,-46.1889,Rio Pardo
-21.7700,-43.4900,Humaita
-21.7070,-43.4850,Igrejinha
-20.5413,-43.9874,Centro
-21.6770,-43.4360,Ponte Preta
-21.7040,-43.4360,Sao Judas Tadeu
-17.8449,-46.5113,Planalto
-20.1500,-41.6150,Centro
-20.2000,-41.5940,Corrego Sao Domingos
-20.2577,-42.0263,Pouso Alegre
-18.4744,-43.0594,Centro
-18.6581,-41.4026,Centro
-21.1998,-42.6104,Centro
-16.8706,-41.2613,Fazenda Vista Alegre
-16.4264,-44.0922,Distrito Ermendinha
-18.4427,-41.4977,Esperanca
-18.3546,-41.5975,Centro
-18.4927,-41.1048,Centro
-19.1538,-42.2418,Gameleira
-21.6840,-43.4040,Represa
-21.6740,-43.4440,Distrito Industrial
-15.8456,-43.0476,RIACHO DOS MACHADOS
-21.6267,-43.0168,Sao Sebastiao
-19.7900,-43.7550,Ravena
-19.7579,-43.8332,Industrial Americano
-19.7663,-43.8354,Palmital
-18.4642,-43.3063,Centro
-18.5917,-41.4879,Centro
-21.5410,-43.0140,Santa Rita
-21.5240,-43.0150,Sao Cristovao
-18.7801,-42.3764,Centro
-20.1658,-42.5218,Centro
-15.7985,-42.2248,TAIOBEIRAS
-21.0090,-42.8410,Centro
-21.0106,-42.8415,Rio Xopoto
-20.8699,-41.5782,Cafe
-21.1573,-41.5671,Centro
-19.6790,-40.2590,Guarana
-21.1335,-41.6782,Rio Itabapoana
-20.9739,-41.5090,Distrito Conceicao de Muqui
-19.8300,-40.3690,Centro
-19.8310,-40.3680,Av. Getulio Vargas
-19.7210,-40.6100,Sao Jacinto
-20.1320,-40.1930,Jacaraipe
-23.0370,-44.1950,Portogalo
-22.9870,-44.2180,Monsuaba2
-21.6179,-42.1182,Verdes Campos
-21.1365,-41.6779,Lia Marcia
-22.0310,-43.2070,SAELEG
-23.0370,-44.1770,Praia de Garatucaia
-21.9080,-42.2610,Euclidelandia
-22.0510,-42.5220,EMATER
-8.44176,-35.9522,AGRESTINA - APAC
-7.83007,-35.8842,SANTA MARIA DO CAMBUCA - APAC
-11.4803,-39.4044,RETIROLANDIA
-11.7029,-39.3270,RIACHAO DO JACUIPE
-20.4871,-43.1985,Centro
-20.9884,-43.0128,Centro
-18.9666,-43.2584,Centro
-21.1080,-44.0370,Paloma
-19.2008,-42.0428,Centro
-20.8380,-42.6550,Centro
-20.4216,-41.8535,Pq. Nac. Caparao
-18.6680,-41.9790,Chonim de Baixo
-19.1529,-42.0804,Centro
-18.0646,-41.4287,Centro
-20.2361,-41.5080,Centro
-19.9963,-40.8883,Morro do Cafezal
-18.4171,-40.2219,Vila Verde
-22.8980,-42.9400,Inoa
-26.1811,-48.6020,Itapoa Terminais Portuarios
-28.1530,-48.6920,Imbituba01
-22.7760,-42.9380,Apolo II
-22.8370,-42.8820,Sao Jose
-22.7613,-43.1084,Ilha de Paqueta
-22.8180,-42.9960,Vila Tres
-22.8080,-42.9640,Vista Alegre
-8.38233,-35.7594,CAMOCIM DE SAO FELIX - APAC
-27.0524,-52.0831,Prefeitura Municipal
-22.0323,-42.7946,Est.Santa Rita
-6.58226,-48.6437,Prefeitura Municipal
-8.30542,-38.7323,CARNAUBEIRAS DA PENHA
-9.05694,-36.6236,TEREZINHA - APAC
-7.66881,-35.4125,VICENCIA - APAC
-10.1224,-36.1791,Centro
-16.5950,-39.1090,Trancoso
-17.1869,-41.4792,Ponto do Marambaia
-19.9170,-44.0800,Centro
-19.8370,-44.1480,Retiro
-19.8940,-44.0950,Bairro Praia
-19.9200,-44.0800,Fonte Grande
-20.5824,-40.6461,Olivania
-20.6584,-40.6131,Posto da PRF
-23.1090,-44.2480,Praia de Bananal
-23.1370,-44.2820,Praia Sitio Forte
-23.1390,-44.1690,Vila do Abraao
-21.9890,-42.2590,Bairro Reta
-22.6670,-43.1340,Vila Nova
-22.4760,-43.5812,Morro Azul
-26.8520,-48.7710,Pedra de Amolar
-27.1160,-48.6160,Praia Mar
-27.0600,-48.6020,Ilhota
-21.6702,-42.0794,Centro
-22.6400,-43.6500,Estrada Ary Schivo
-22.5985,-43.7142,Escola Municipal Dr. Carlos Nabuco
-22.8070,-43.0410,Mutuaguacu
-22.7810,-43.0270,Fazenda dos Mineiros
-3.60455,-55.3302,Centro
-7.18970,-35.9844,yemu-brazil.5922
-7.19720,-34.8131,yemu-brazil.5843
-7.15000,-35.9500,yemu-brazil.5914
